clip_id,behavior,label,participant_id,lighting,viewpoint,split,group_id,target_duration_seconds,action_script,camera_setup,video_path,camera_config_path,status
intrusion_positive_P01_daylight_frontal_oblique,intrusion,positive,P01,daylight,frontal_oblique,train,P01,25,A person crosses the configured line in the IN direction once.,fixed 2.5-3 m high; 20-35 degree downward angle; full body/ROI visible; 1280x720 or higher; 25-30 FPS,experiments/priority_19_08/manual/videos/intrusion/train/intrusion_positive_P01_daylight_frontal_oblique.mp4,experiments/priority_19_08/manual/configs/intrusion_positive_P01_daylight_frontal_oblique.yaml,TO_RECORD
intrusion_positive_P01_daylight_side_oblique,intrusion,positive,P01,daylight,side_oblique,train,P01,25,A person crosses the configured line in the IN direction once.,fixed 2.5-3 m high; 20-35 degree downward angle; full body/ROI visible; 1280x720 or higher; 25-30 FPS,experiments/priority_19_08/manual/videos/intrusion/train/intrusion_positive_P01_daylight_side_oblique.mp4,experiments/priority_19_08/manual/configs/intrusion_positive_P01_daylight_side_oblique.yaml,TO_RECORD
intrusion_positive_P01_low_light_frontal_oblique,intrusion,positive,P01,low_light,frontal_oblique,train,P01,25,A person crosses the configured line in the IN direction once.,fixed 2.5-3 m high; 20-35 degree downward angle; full body/ROI visible; 1280x720 or higher; 25-30 FPS,experiments/priority_19_08/manual/videos/intrusion/train/intrusion_positive_P01_low_light_frontal_oblique.mp4,experiments/priority_19_08/manual/configs/intrusion_positive_P01_low_light_frontal_oblique.yaml,TO_RECORD
intrusion_positive_P01_low_light_side_oblique,intrusion,positive,P01,low_light,side_oblique,train,P01,25,A person crosses the configured line in the IN direction once.,fixed 2.5-3 m high; 20-35 degree downward angle; full body/ROI visible; 1280x720 or higher; 25-30 FPS,experiments/priority_19_08/manual/videos/intrusion/train/intrusion_positive_P01_low_light_side_oblique.mp4,experiments/priority_19_08/manual/configs/intrusion_positive_P01_low_light_side_oblique.yaml,TO_RECORD
intrusion_positive_P02_daylight_frontal_oblique,intrusion,positive,P02,daylight,frontal_oblique,train,P02,25,A person crosses the configured line in the IN direction once.,fixed 2.5-3 m high; 20-35 degree downward angle; full body/ROI visible; 1280x720 or higher; 25-30 FPS,experiments/priority_19_08/manual/videos/intrusion/train/intrusion_positive_P02_daylight_frontal_oblique.mp4,experiments/priority_19_08/manual/configs/intrusion_positive_P02_daylight_frontal_oblique.yaml,TO_RECORD
intrusion_positive_P02_daylight_side_oblique,intrusion,positive,P02,daylight,side_oblique,train,P02,25,A person crosses the configured line in the IN direction once.,fixed 2.5-3 m high; 20-35 degree downward angle; full body/ROI visible; 1280x720 or higher; 25-30 FPS,experiments/priority_19_08/manual/videos/intrusion/train/intrusion_positive_P02_daylight_side_oblique.mp4,experiments/priority_19_08/manual/configs/intrusion_positive_P02_daylight_side_oblique.yaml,TO_RECORD
intrusion_positive_P02_low_light_frontal_oblique,intrusion,positive,P02,low_light,frontal_oblique,train,P02,25,A person crosses the configured line in the IN direction once.,fixed 2.5-3 m high; 20-35 degree downward angle; full body/ROI visible; 1280x720 or higher; 25-30 FPS,experiments/priority_19_08/manual/videos/intrusion/train/intrusion_positive_P02_low_light_frontal_oblique.mp4,experiments/priority_19_08/manual/configs/intrusion_positive_P02_low_light_frontal_oblique.yaml,TO_RECORD
intrusion_positive_P02_low_light_side_oblique,intrusion,positive,P02,low_light,side_oblique,train,P02,25,A person crosses the configured line in the IN direction once.,fixed 2.5-3 m high; 20-35 degree downward angle; full body/ROI visible; 1280x720 or higher; 25-30 FPS,experiments/priority_19_08/manual/videos/intrusion/train/intrusion_positive_P02_low_light_side_oblique.mp4,experiments/priority_19_08/manual/configs/intrusion_positive_P02_low_light_side_oblique.yaml,TO_RECORD
intrusion_positive_P03_daylight_frontal_oblique,intrusion,positive,P03,daylight,frontal_oblique,train,P03,25,A person crosses the configured line in the IN direction once.,fixed 2.5-3 m high; 20-35 degree downward angle; full body/ROI visible; 1280x720 or higher; 25-30 FPS,experiments/priority_19_08/manual/videos/intrusion/train/intrusion_positive_P03_daylight_frontal_oblique.mp4,experiments/priority_19_08/manual/configs/intrusion_positive_P03_daylight_frontal_oblique.yaml,TO_RECORD
intrusion_positive_P03_daylight_side_oblique,intrusion,positive,P03,daylight,side_oblique,train,P03,25,A person crosses the configured line in the IN direction once.,fixed 2.5-3 m high; 20-35 degree downward angle; full body/ROI visible; 1280x720 or higher; 25-30 FPS,experiments/priority_19_08/manual/videos/intrusion/train/intrusion_positive_P03_daylight_side_oblique.mp4,experiments/priority_19_08/manual/configs/intrusion_positive_P03_daylight_side_oblique.yaml,TO_RECORD
intrusion_positive_P03_low_light_frontal_oblique,intrusion,positive,P03,low_light,frontal_oblique,train,P03,25,A person crosses the configured line in the IN direction once.,fixed 2.5-3 m high; 20-35 degree downward angle; full body/ROI visible; 1280x720 or higher; 25-30 FPS,experiments/priority_19_08/manual/videos/intrusion/train/intrusion_positive_P03_low_light_frontal_oblique.mp4,experiments/priority_19_08/manual/configs/intrusion_positive_P03_low_light_frontal_oblique.yaml,TO_RECORD
intrusion_positive_P03_low_light_side_oblique,intrusion,positive,P03,low_light,side_oblique,train,P03,25,A person crosses the configured line in the IN direction once.,fixed 2.5-3 m high; 20-35 degree downward angle; full body/ROI visible; 1280x720 or higher; 25-30 FPS,experiments/priority_19_08/manual/videos/intrusion/train/intrusion_positive_P03_low_light_side_oblique.mp4,experiments/priority_19_08/manual/configs/intrusion_positive_P03_low_light_side_oblique.yaml,TO_RECORD
intrusion_positive_P04_daylight_frontal_oblique,intrusion,positive,P04,daylight,frontal_oblique,validation,P04,25,A person crosses the configured line in the IN direction once.,fixed 2.5-3 m high; 20-35 degree downward angle; full body/ROI visible; 1280x720 or higher; 25-30 FPS,experiments/priority_19_08/manual/videos/intrusion/validation/intrusion_positive_P04_daylight_frontal_oblique.mp4,experiments/priority_19_08/manual/configs/intrusion_positive_P04_daylight_frontal_oblique.yaml,TO_RECORD
intrusion_positive_P04_daylight_side_oblique,intrusion,positive,P04,daylight,side_oblique,validation,P04,25,A person crosses the configured line in the IN direction once.,fixed 2.5-3 m high; 20-35 degree downward angle; full body/ROI visible; 1280x720 or higher; 25-30 FPS,experiments/priority_19_08/manual/videos/intrusion/validation/intrusion_positive_P04_daylight_side_oblique.mp4,experiments/priority_19_08/manual/configs/intrusion_positive_P04_daylight_side_oblique.yaml,TO_RECORD
intrusion_positive_P04_low_light_frontal_oblique,intrusion,positive,P04,low_light,frontal_oblique,validation,P04,25,A person crosses the configured line in the IN direction once.,fixed 2.5-3 m high; 20-35 degree downward angle; full body/ROI visible; 1280x720 or higher; 25-30 FPS,experiments/priority_19_08/manual/videos/intrusion/validation/intrusion_positive_P04_low_light_frontal_oblique.mp4,experiments/priority_19_08/manual/configs/intrusion_positive_P04_low_light_frontal_oblique.yaml,TO_RECORD
intrusion_positive_P04_low_light_side_oblique,intrusion,positive,P04,low_light,side_oblique,validation,P04,25,A person crosses the configured line in the IN direction once.,fixed 2.5-3 m high; 20-35 degree downward angle; full body/ROI visible; 1280x720 or higher; 25-30 FPS,experiments/priority_19_08/manual/videos/intrusion/validation/intrusion_positive_P04_low_light_side_oblique.mp4,experiments/priority_19_08/manual/configs/intrusion_positive_P04_low_light_side_oblique.yaml,TO_RECORD
intrusion_positive_P05_daylight_frontal_oblique,intrusion,positive,P05,daylight,frontal_oblique,test,P05,25,A person crosses the configured line in the IN direction once.,fixed 2.5-3 m high; 20-35 degree downward angle; full body/ROI visible; 1280x720 or higher; 25-30 FPS,experiments/priority_19_08/manual/videos/intrusion/test/intrusion_positive_P05_daylight_frontal_oblique.mp4,experiments/priority_19_08/manual/configs/intrusion_positive_P05_daylight_frontal_oblique.yaml,TO_RECORD
intrusion_positive_P05_daylight_side_oblique,intrusion,positive,P05,daylight,side_oblique,test,P05,25,A person crosses the configured line in the IN direction once.,fixed 2.5-3 m high; 20-35 degree downward angle; full body/ROI visible; 1280x720 or higher; 25-30 FPS,experiments/priority_19_08/manual/videos/intrusion/test/intrusion_positive_P05_daylight_side_oblique.mp4,experiments/priority_19_08/manual/configs/intrusion_positive_P05_daylight_side_oblique.yaml,TO_RECORD
intrusion_positive_P05_low_light_frontal_oblique,intrusion,positive,P05,low_light,frontal_oblique,test,P05,25,A person crosses the configured line in the IN direction once.,fixed 2.5-3 m high; 20-35 degree downward angle; full body/ROI visible; 1280x720 or higher; 25-30 FPS,experiments/priority_19_08/manual/videos/intrusion/test/intrusion_positive_P05_low_light_frontal_oblique.mp4,experiments/priority_19_08/manual/configs/intrusion_positive_P05_low_light_frontal_oblique.yaml,TO_RECORD
intrusion_positive_P05_low_light_side_oblique,intrusion,positive,P05,low_light,side_oblique,test,P05,25,A person crosses the configured line in the IN direction once.,fixed 2.5-3 m high; 20-35 degree downward angle; full body/ROI visible; 1280x720 or higher; 25-30 FPS,experiments/priority_19_08/manual/videos/intrusion/test/intrusion_positive_P05_low_light_side_oblique.mp4,experiments/priority_19_08/manual/configs/intrusion_positive_P05_low_light_side_oblique.yaml,TO_RECORD
intrusion_negative_P01_daylight_frontal_oblique,intrusion,negative,P01,daylight,frontal_oblique,train,P01,25,"A person approaches the line, stops/turns before it, or crosses only OUT.",fixed 2.5-3 m high; 20-35 degree downward angle; full body/ROI visible; 1280x720 or higher; 25-30 FPS,experiments/priority_19_08/manual/videos/intrusion/train/intrusion_negative_P01_daylight_frontal_oblique.mp4,experiments/priority_19_08/manual/configs/intrusion_negative_P01_daylight_frontal_oblique.yaml,TO_RECORD
intrusion_negative_P01_daylight_side_oblique,intrusion,negative,P01,daylight,side_oblique,train,P01,25,"A person approaches the line, stops/turns before it, or crosses only OUT.",fixed 2.5-3 m high; 20-35 degree downward angle; full body/ROI visible; 1280x720 or higher; 25-30 FPS,experiments/priority_19_08/manual/videos/intrusion/train/intrusion_negative_P01_daylight_side_oblique.mp4,experiments/priority_19_08/manual/configs/intrusion_negative_P01_daylight_side_oblique.yaml,TO_RECORD
intrusion_negative_P01_low_light_frontal_oblique,intrusion,negative,P01,low_light,frontal_oblique,train,P01,25,"A person approaches the line, stops/turns before it, or crosses only OUT.",fixed 2.5-3 m high; 20-35 degree downward angle; full body/ROI visible; 1280x720 or higher; 25-30 FPS,experiments/priority_19_08/manual/videos/intrusion/train/intrusion_negative_P01_low_light_frontal_oblique.mp4,experiments/priority_19_08/manual/configs/intrusion_negative_P01_low_light_frontal_oblique.yaml,TO_RECORD
intrusion_negative_P01_low_light_side_oblique,intrusion,negative,P01,low_light,side_oblique,train,P01,25,"A person approaches the line, stops/turns before it, or crosses only OUT.",fixed 2.5-3 m high; 20-35 degree downward angle; full body/ROI visible; 1280x720 or higher; 25-30 FPS,experiments/priority_19_08/manual/videos/intrusion/train/intrusion_negative_P01_low_light_side_oblique.mp4,experiments/priority_19_08/manual/configs/intrusion_negative_P01_low_light_side_oblique.yaml,TO_RECORD
intrusion_negative_P02_daylight_frontal_oblique,intrusion,negative,P02,daylight,frontal_oblique,train,P02,25,"A person approaches the line, stops/turns before it, or crosses only OUT.",fixed 2.5-3 m high; 20-35 degree downward angle; full body/ROI visible; 1280x720 or higher; 25-30 FPS,experiments/priority_19_08/manual/videos/intrusion/train/intrusion_negative_P02_daylight_frontal_oblique.mp4,experiments/priority_19_08/manual/configs/intrusion_negative_P02_daylight_frontal_oblique.yaml,TO_RECORD
intrusion_negative_P02_daylight_side_oblique,intrusion,negative,P02,daylight,side_oblique,train,P02,25,"A person approaches the line, stops/turns before it, or crosses only OUT.",fixed 2.5-3 m high; 20-35 degree downward angle; full body/ROI visible; 1280x720 or higher; 25-30 FPS,experiments/priority_19_08/manual/videos/intrusion/train/intrusion_negative_P02_daylight_side_oblique.mp4,experiments/priority_19_08/manual/configs/intrusion_negative_P02_daylight_side_oblique.yaml,TO_RECORD
intrusion_negative_P02_low_light_frontal_oblique,intrusion,negative,P02,low_light,frontal_oblique,train,P02,25,"A person approaches the line, stops/turns before it, or crosses only OUT.",fixed 2.5-3 m high; 20-35 degree downward angle; full body/ROI visible; 1280x720 or higher; 25-30 FPS,experiments/priority_19_08/manual/videos/intrusion/train/intrusion_negative_P02_low_light_frontal_oblique.mp4,experiments/priority_19_08/manual/configs/intrusion_negative_P02_low_light_frontal_oblique.yaml,TO_RECORD
intrusion_negative_P02_low_light_side_oblique,intrusion,negative,P02,low_light,side_oblique,train,P02,25,"A person approaches the line, stops/turns before it, or crosses only OUT.",fixed 2.5-3 m high; 20-35 degree downward angle; full body/ROI visible; 1280x720 or higher; 25-30 FPS,experiments/priority_19_08/manual/videos/intrusion/train/intrusion_negative_P02_low_light_side_oblique.mp4,experiments/priority_19_08/manual/configs/intrusion_negative_P02_low_light_side_oblique.yaml,TO_RECORD
intrusion_negative_P03_daylight_frontal_oblique,intrusion,negative,P03,daylight,frontal_oblique,train,P03,25,"A person approaches the line, stops/turns before it, or crosses only OUT.",fixed 2.5-3 m high; 20-35 degree downward angle; full body/ROI visible; 1280x720 or higher; 25-30 FPS,experiments/priority_19_08/manual/videos/intrusion/train/intrusion_negative_P03_daylight_frontal_oblique.mp4,experiments/priority_19_08/manual/configs/intrusion_negative_P03_daylight_frontal_oblique.yaml,TO_RECORD
intrusion_negative_P03_daylight_side_oblique,intrusion,negative,P03,daylight,side_oblique,train,P03,25,"A person approaches the line, stops/turns before it, or crosses only OUT.",fixed 2.5-3 m high; 20-35 degree downward angle; full body/ROI visible; 1280x720 or higher; 25-30 FPS,experiments/priority_19_08/manual/videos/intrusion/train/intrusion_negative_P03_daylight_side_oblique.mp4,experiments/priority_19_08/manual/configs/intrusion_negative_P03_daylight_side_oblique.yaml,TO_RECORD
intrusion_negative_P03_low_light_frontal_oblique,intrusion,negative,P03,low_light,frontal_oblique,train,P03,25,"A person approaches the line, stops/turns before it, or crosses only OUT.",fixed 2.5-3 m high; 20-35 degree downward angle; full body/ROI visible; 1280x720 or higher; 25-30 FPS,experiments/priority_19_08/manual/videos/intrusion/train/intrusion_negative_P03_low_light_frontal_oblique.mp4,experiments/priority_19_08/manual/configs/intrusion_negative_P03_low_light_frontal_oblique.yaml,TO_RECORD
intrusion_negative_P03_low_light_side_oblique,intrusion,negative,P03,low_light,side_oblique,train,P03,25,"A person approaches the line, stops/turns before it, or crosses only OUT.",fixed 2.5-3 m high; 20-35 degree downward angle; full body/ROI visible; 1280x720 or higher; 25-30 FPS,experiments/priority_19_08/manual/videos/intrusion/train/intrusion_negative_P03_low_light_side_oblique.mp4,experiments/priority_19_08/manual/configs/intrusion_negative_P03_low_light_side_oblique.yaml,TO_RECORD
intrusion_negative_P04_daylight_frontal_oblique,intrusion,negative,P04,daylight,frontal_oblique,validation,P04,25,"A person approaches the line, stops/turns before it, or crosses only OUT.",fixed 2.5-3 m high; 20-35 degree downward angle; full body/ROI visible; 1280x720 or higher; 25-30 FPS,experiments/priority_19_08/manual/videos/intrusion/validation/intrusion_negative_P04_daylight_frontal_oblique.mp4,experiments/priority_19_08/manual/configs/intrusion_negative_P04_daylight_frontal_oblique.yaml,TO_RECORD
intrusion_negative_P04_daylight_side_oblique,intrusion,negative,P04,daylight,side_oblique,validation,P04,25,"A person approaches the line, stops/turns before it, or crosses only OUT.",fixed 2.5-3 m high; 20-35 degree downward angle; full body/ROI visible; 1280x720 or higher; 25-30 FPS,experiments/priority_19_08/manual/videos/intrusion/validation/intrusion_negative_P04_daylight_side_oblique.mp4,experiments/priority_19_08/manual/configs/intrusion_negative_P04_daylight_side_oblique.yaml,TO_RECORD
intrusion_negative_P04_low_light_frontal_oblique,intrusion,negative,P04,low_light,frontal_oblique,validation,P04,25,"A person approaches the line, stops/turns before it, or crosses only OUT.",fixed 2.5-3 m high; 20-35 degree downward angle; full body/ROI visible; 1280x720 or higher; 25-30 FPS,experiments/priority_19_08/manual/videos/intrusion/validation/intrusion_negative_P04_low_light_frontal_oblique.mp4,experiments/priority_19_08/manual/configs/intrusion_negative_P04_low_light_frontal_oblique.yaml,TO_RECORD
intrusion_negative_P04_low_light_side_oblique,intrusion,negative,P04,low_light,side_oblique,validation,P04,25,"A person approaches the line, stops/turns before it, or crosses only OUT.",fixed 2.5-3 m high; 20-35 degree downward angle; full body/ROI visible; 1280x720 or higher; 25-30 FPS,experiments/priority_19_08/manual/videos/intrusion/validation/intrusion_negative_P04_low_light_side_oblique.mp4,experiments/priority_19_08/manual/configs/intrusion_negative_P04_low_light_side_oblique.yaml,TO_RECORD
intrusion_negative_P05_daylight_frontal_oblique,intrusion,negative,P05,daylight,frontal_oblique,test,P05,25,"A person approaches the line, stops/turns before it, or crosses only OUT.",fixed 2.5-3 m high; 20-35 degree downward angle; full body/ROI visible; 1280x720 or higher; 25-30 FPS,experiments/priority_19_08/manual/videos/intrusion/test/intrusion_negative_P05_daylight_frontal_oblique.mp4,experiments/priority_19_08/manual/configs/intrusion_negative_P05_daylight_frontal_oblique.yaml,TO_RECORD
intrusion_negative_P05_daylight_side_oblique,intrusion,negative,P05,daylight,side_oblique,test,P05,25,"A person approaches the line, stops/turns before it, or crosses only OUT.",fixed 2.5-3 m high; 20-35 degree downward angle; full body/ROI visible; 1280x720 or higher; 25-30 FPS,experiments/priority_19_08/manual/videos/intrusion/test/intrusion_negative_P05_daylight_side_oblique.mp4,experiments/priority_19_08/manual/configs/intrusion_negative_P05_daylight_side_oblique.yaml,TO_RECORD
intrusion_negative_P05_low_light_frontal_oblique,intrusion,negative,P05,low_light,frontal_oblique,test,P05,25,"A person approaches the line, stops/turns before it, or crosses only OUT.",fixed 2.5-3 m high; 20-35 degree downward angle; full body/ROI visible; 1280x720 or higher; 25-30 FPS,experiments/priority_19_08/manual/videos/intrusion/test/intrusion_negative_P05_low_light_frontal_oblique.mp4,experiments/priority_19_08/manual/configs/intrusion_negative_P05_low_light_frontal_oblique.yaml,TO_RECORD
intrusion_negative_P05_low_light_side_oblique,intrusion,negative,P05,low_light,side_oblique,test,P05,25,"A person approaches the line, stops/turns before it, or crosses only OUT.",fixed 2.5-3 m high; 20-35 degree downward angle; full body/ROI visible; 1280x720 or higher; 25-30 FPS,experiments/priority_19_08/manual/videos/intrusion/test/intrusion_negative_P05_low_light_side_oblique.mp4,experiments/priority_19_08/manual/configs/intrusion_negative_P05_low_light_side_oblique.yaml,TO_RECORD
loitering_positive_P01_daylight_frontal_oblique,loitering,positive,P01,daylight,frontal_oblique,train,P01,35,A person stays inside the loitering ROI for at least 25 s (configured threshold 20 s).,fixed 2.5-3 m high; 20-35 degree downward angle; full body/ROI visible; 1280x720 or higher; 25-30 FPS,experiments/priority_19_08/manual/videos/loitering/train/loitering_positive_P01_daylight_frontal_oblique.mp4,experiments/priority_19_08/manual/configs/loitering_positive_P01_daylight_frontal_oblique.yaml,TO_RECORD
loitering_positive_P01_daylight_side_oblique,loitering,positive,P01,daylight,side_oblique,train,P01,35,A person stays inside the loitering ROI for at least 25 s (configured threshold 20 s).,fixed 2.5-3 m high; 20-35 degree downward angle; full body/ROI visible; 1280x720 or higher; 25-30 FPS,experiments/priority_19_08/manual/videos/loitering/train/loitering_positive_P01_daylight_side_oblique.mp4,experiments/priority_19_08/manual/configs/loitering_positive_P01_daylight_side_oblique.yaml,TO_RECORD
loitering_positive_P01_low_light_frontal_oblique,loitering,positive,P01,low_light,frontal_oblique,train,P01,35,A person stays inside the loitering ROI for at least 25 s (configured threshold 20 s).,fixed 2.5-3 m high; 20-35 degree downward angle; full body/ROI visible; 1280x720 or higher; 25-30 FPS,experiments/priority_19_08/manual/videos/loitering/train/loitering_positive_P01_low_light_frontal_oblique.mp4,experiments/priority_19_08/manual/configs/loitering_positive_P01_low_light_frontal_oblique.yaml,TO_RECORD
loitering_positive_P01_low_light_side_oblique,loitering,positive,P01,low_light,side_oblique,train,P01,35,A person stays inside the loitering ROI for at least 25 s (configured threshold 20 s).,fixed 2.5-3 m high; 20-35 degree downward angle; full body/ROI visible; 1280x720 or higher; 25-30 FPS,experiments/priority_19_08/manual/videos/loitering/train/loitering_positive_P01_low_light_side_oblique.mp4,experiments/priority_19_08/manual/configs/loitering_positive_P01_low_light_side_oblique.yaml,TO_RECORD
loitering_positive_P02_daylight_frontal_oblique,loitering,positive,P02,daylight,frontal_oblique,train,P02,35,A person stays inside the loitering ROI for at least 25 s (configured threshold 20 s).,fixed 2.5-3 m high; 20-35 degree downward angle; full body/ROI visible; 1280x720 or higher; 25-30 FPS,experiments/priority_19_08/manual/videos/loitering/train/loitering_positive_P02_daylight_frontal_oblique.mp4,experiments/priority_19_08/manual/configs/loitering_positive_P02_daylight_frontal_oblique.yaml,TO_RECORD
loitering_positive_P02_daylight_side_oblique,loitering,positive,P02,daylight,side_oblique,train,P02,35,A person stays inside the loitering ROI for at least 25 s (configured threshold 20 s).,fixed 2.5-3 m high; 20-35 degree downward angle; full body/ROI visible; 1280x720 or higher; 25-30 FPS,experiments/priority_19_08/manual/videos/loitering/train/loitering_positive_P02_daylight_side_oblique.mp4,experiments/priority_19_08/manual/configs/loitering_positive_P02_daylight_side_oblique.yaml,TO_RECORD
loitering_positive_P02_low_light_frontal_oblique,loitering,positive,P02,low_light,frontal_oblique,train,P02,35,A person stays inside the loitering ROI for at least 25 s (configured threshold 20 s).,fixed 2.5-3 m high; 20-35 degree downward angle; full body/ROI visible; 1280x720 or higher; 25-30 FPS,experiments/priority_19_08/manual/videos/loitering/train/loitering_positive_P02_low_light_frontal_oblique.mp4,experiments/priority_19_08/manual/configs/loitering_positive_P02_low_light_frontal_oblique.yaml,TO_RECORD
loitering_positive_P02_low_light_side_oblique,loitering,positive,P02,low_light,side_oblique,train,P02,35,A person stays inside the loitering ROI for at least 25 s (configured threshold 20 s).,fixed 2.5-3 m high; 20-35 degree downward angle; full body/ROI visible; 1280x720 or higher; 25-30 FPS,experiments/priority_19_08/manual/videos/loitering/train/loitering_positive_P02_low_light_side_oblique.mp4,experiments/priority_19_08/manual/configs/loitering_positive_P02_low_light_side_oblique.yaml,TO_RECORD
loitering_positive_P03_daylight_frontal_oblique,loitering,positive,P03,daylight,frontal_oblique,train,P03,35,A person stays inside the loitering ROI for at least 25 s (configured threshold 20 s).,fixed 2.5-3 m high; 20-35 degree downward angle; full body/ROI visible; 1280x720 or higher; 25-30 FPS,experiments/priority_19_08/manual/videos/loitering/train/loitering_positive_P03_daylight_frontal_oblique.mp4,experiments/priority_19_08/manual/configs/loitering_positive_P03_daylight_frontal_oblique.yaml,TO_RECORD
loitering_positive_P03_daylight_side_oblique,loitering,positive,P03,daylight,side_oblique,train,P03,35,A person stays inside the loitering ROI for at least 25 s (configured threshold 20 s).,fixed 2.5-3 m high; 20-35 degree downward angle; full body/ROI visible; 1280x720 or higher; 25-30 FPS,experiments/priority_19_08/manual/videos/loitering/train/loitering_positive_P03_daylight_side_oblique.mp4,experiments/priority_19_08/manual/configs/loitering_positive_P03_daylight_side_oblique.yaml,TO_RECORD
loitering_positive_P03_low_light_frontal_oblique,loitering,positive,P03,low_light,frontal_oblique,train,P03,35,A person stays inside the loitering ROI for at least 25 s (configured threshold 20 s).,fixed 2.5-3 m high; 20-35 degree downward angle; full body/ROI visible; 1280x720 or higher; 25-30 FPS,experiments/priority_19_08/manual/videos/loitering/train/loitering_positive_P03_low_light_frontal_oblique.mp4,experiments/priority_19_08/manual/configs/loitering_positive_P03_low_light_frontal_oblique.yaml,TO_RECORD
loitering_positive_P03_low_light_side_oblique,loitering,positive,P03,low_light,side_oblique,train,P03,35,A person stays inside the loitering ROI for at least 25 s (configured threshold 20 s).,fixed 2.5-3 m high; 20-35 degree downward angle; full body/ROI visible; 1280x720 or higher; 25-30 FPS,experiments/priority_19_08/manual/videos/loitering/train/loitering_positive_P03_low_light_side_oblique.mp4,experiments/priority_19_08/manual/configs/loitering_positive_P03_low_light_side_oblique.yaml,TO_RECORD
loitering_positive_P04_daylight_frontal_oblique,loitering,positive,P04,daylight,frontal_oblique,validation,P04,35,A person stays inside the loitering ROI for at least 25 s (configured threshold 20 s).,fixed 2.5-3 m high; 20-35 degree downward angle; full body/ROI visible; 1280x720 or higher; 25-30 FPS,experiments/priority_19_08/manual/videos/loitering/validation/loitering_positive_P04_daylight_frontal_oblique.mp4,experiments/priority_19_08/manual/configs/loitering_positive_P04_daylight_frontal_oblique.yaml,TO_RECORD
loitering_positive_P04_daylight_side_oblique,loitering,positive,P04,daylight,side_oblique,validation,P04,35,A person stays inside the loitering ROI for at least 25 s (configured threshold 20 s).,fixed 2.5-3 m high; 20-35 degree downward angle; full body/ROI visible; 1280x720 or higher; 25-30 FPS,experiments/priority_19_08/manual/videos/loitering/validation/loitering_positive_P04_daylight_side_oblique.mp4,experiments/priority_19_08/manual/configs/loitering_positive_P04_daylight_side_oblique.yaml,TO_RECORD
loitering_positive_P04_low_light_frontal_oblique,loitering,positive,P04,low_light,frontal_oblique,validation,P04,35,A person stays inside the loitering ROI for at least 25 s (configured threshold 20 s).,fixed 2.5-3 m high; 20-35 degree downward angle; full body/ROI visible; 1280x720 or higher; 25-30 FPS,experiments/priority_19_08/manual/videos/loitering/validation/loitering_positive_P04_low_light_frontal_oblique.mp4,experiments/priority_19_08/manual/configs/loitering_positive_P04_low_light_frontal_oblique.yaml,TO_RECORD
loitering_positive_P04_low_light_side_oblique,loitering,positive,P04,low_light,side_oblique,validation,P04,35,A person stays inside the loitering ROI for at least 25 s (configured threshold 20 s).,fixed 2.5-3 m high; 20-35 degree downward angle; full body/ROI visible; 1280x720 or higher; 25-30 FPS,experiments/priority_19_08/manual/videos/loitering/validation/loitering_positive_P04_low_light_side_oblique.mp4,experiments/priority_19_08/manual/configs/loitering_positive_P04_low_light_side_oblique.yaml,TO_RECORD
loitering_positive_P05_daylight_frontal_oblique,loitering,positive,P05,daylight,frontal_oblique,test,P05,35,A person stays inside the loitering ROI for at least 25 s (configured threshold 20 s).,fixed 2.5-3 m high; 20-35 degree downward angle; full body/ROI visible; 1280x720 or higher; 25-30 FPS,experiments/priority_19_08/manual/videos/loitering/test/loitering_positive_P05_daylight_frontal_oblique.mp4,experiments/priority_19_08/manual/configs/loitering_positive_P05_daylight_frontal_oblique.yaml,TO_RECORD
loitering_positive_P05_daylight_side_oblique,loitering,positive,P05,daylight,side_oblique,test,P05,35,A person stays inside the loitering ROI for at least 25 s (configured threshold 20 s).,fixed 2.5-3 m high; 20-35 degree downward angle; full body/ROI visible; 1280x720 or higher; 25-30 FPS,experiments/priority_19_08/manual/videos/loitering/test/loitering_positive_P05_daylight_side_oblique.mp4,experiments/priority_19_08/manual/configs/loitering_positive_P05_daylight_side_oblique.yaml,TO_RECORD
loitering_positive_P05_low_light_frontal_oblique,loitering,positive,P05,low_light,frontal_oblique,test,P05,35,A person stays inside the loitering ROI for at least 25 s (configured threshold 20 s).,fixed 2.5-3 m high; 20-35 degree downward angle; full body/ROI visible; 1280x720 or higher; 25-30 FPS,experiments/priority_19_08/manual/videos/loitering/test/loitering_positive_P05_low_light_frontal_oblique.mp4,experiments/priority_19_08/manual/configs/loitering_positive_P05_low_light_frontal_oblique.yaml,TO_RECORD
loitering_positive_P05_low_light_side_oblique,loitering,positive,P05,low_light,side_oblique,test,P05,35,A person stays inside the loitering ROI for at least 25 s (configured threshold 20 s).,fixed 2.5-3 m high; 20-35 degree downward angle; full body/ROI visible; 1280x720 or higher; 25-30 FPS,experiments/priority_19_08/manual/videos/loitering/test/loitering_positive_P05_low_light_side_oblique.mp4,experiments/priority_19_08/manual/configs/loitering_positive_P05_low_light_side_oblique.yaml,TO_RECORD
loitering_negative_P01_daylight_frontal_oblique,loitering,negative,P01,daylight,frontal_oblique,train,P01,25,A person passes through the ROI and leaves before 15 s.,fixed 2.5-3 m high; 20-35 degree downward angle; full body/ROI visible; 1280x720 or higher; 25-30 FPS,experiments/priority_19_08/manual/videos/loitering/train/loitering_negative_P01_daylight_frontal_oblique.mp4,experiments/priority_19_08/manual/configs/loitering_negative_P01_daylight_frontal_oblique.yaml,TO_RECORD
loitering_negative_P01_daylight_side_oblique,loitering,negative,P01,daylight,side_oblique,train,P01,25,A person passes through the ROI and leaves before 15 s.,fixed 2.5-3 m high; 20-35 degree downward angle; full body/ROI visible; 1280x720 or higher; 25-30 FPS,experiments/priority_19_08/manual/videos/loitering/train/loitering_negative_P01_daylight_side_oblique.mp4,experiments/priority_19_08/manual/configs/loitering_negative_P01_daylight_side_oblique.yaml,TO_RECORD
loitering_negative_P01_low_light_frontal_oblique,loitering,negative,P01,low_light,frontal_oblique,train,P01,25,A person passes through the ROI and leaves before 15 s.,fixed 2.5-3 m high; 20-35 degree downward angle; full body/ROI visible; 1280x720 or higher; 25-30 FPS,experiments/priority_19_08/manual/videos/loitering/train/loitering_negative_P01_low_light_frontal_oblique.mp4,experiments/priority_19_08/manual/configs/loitering_negative_P01_low_light_frontal_oblique.yaml,TO_RECORD
loitering_negative_P01_low_light_side_oblique,loitering,negative,P01,low_light,side_oblique,train,P01,25,A person passes through the ROI and leaves before 15 s.,fixed 2.5-3 m high; 20-35 degree downward angle; full body/ROI visible; 1280x720 or higher; 25-30 FPS,experiments/priority_19_08/manual/videos/loitering/train/loitering_negative_P01_low_light_side_oblique.mp4,experiments/priority_19_08/manual/configs/loitering_negative_P01_low_light_side_oblique.yaml,TO_RECORD
loitering_negative_P02_daylight_frontal_oblique,loitering,negative,P02,daylight,frontal_oblique,train,P02,25,A person passes through the ROI and leaves before 15 s.,fixed 2.5-3 m high; 20-35 degree downward angle; full body/ROI visible; 1280x720 or higher; 25-30 FPS,experiments/priority_19_08/manual/videos/loitering/train/loitering_negative_P02_daylight_frontal_oblique.mp4,experiments/priority_19_08/manual/configs/loitering_negative_P02_daylight_frontal_oblique.yaml,TO_RECORD
loitering_negative_P02_daylight_side_oblique,loitering,negative,P02,daylight,side_oblique,train,P02,25,A person passes through the ROI and leaves before 15 s.,fixed 2.5-3 m high; 20-35 degree downward angle; full body/ROI visible; 1280x720 or higher; 25-30 FPS,experiments/priority_19_08/manual/videos/loitering/train/loitering_negative_P02_daylight_side_oblique.mp4,experiments/priority_19_08/manual/configs/loitering_negative_P02_daylight_side_oblique.yaml,TO_RECORD
loitering_negative_P02_low_light_frontal_oblique,loitering,negative,P02,low_light,frontal_oblique,train,P02,25,A person passes through the ROI and leaves before 15 s.,fixed 2.5-3 m high; 20-35 degree downward angle; full body/ROI visible; 1280x720 or higher; 25-30 FPS,experiments/priority_19_08/manual/videos/loitering/train/loitering_negative_P02_low_light_frontal_oblique.mp4,experiments/priority_19_08/manual/configs/loitering_negative_P02_low_light_frontal_oblique.yaml,TO_RECORD
loitering_negative_P02_low_light_side_oblique,loitering,negative,P02,low_light,side_oblique,train,P02,25,A person passes through the ROI and leaves before 15 s.,fixed 2.5-3 m high; 20-35 degree downward angle; full body/ROI visible; 1280x720 or higher; 25-30 FPS,experiments/priority_19_08/manual/videos/loitering/train/loitering_negative_P02_low_light_side_oblique.mp4,experiments/priority_19_08/manual/configs/loitering_negative_P02_low_light_side_oblique.yaml,TO_RECORD
loitering_negative_P03_daylight_frontal_oblique,loitering,negative,P03,daylight,frontal_oblique,train,P03,25,A person passes through the ROI and leaves before 15 s.,fixed 2.5-3 m high; 20-35 degree downward angle; full body/ROI visible; 1280x720 or higher; 25-30 FPS,experiments/priority_19_08/manual/videos/loitering/train/loitering_negative_P03_daylight_frontal_oblique.mp4,experiments/priority_19_08/manual/configs/loitering_negative_P03_daylight_frontal_oblique.yaml,TO_RECORD
loitering_negative_P03_daylight_side_oblique,loitering,negative,P03,daylight,side_oblique,train,P03,25,A person passes through the ROI and leaves before 15 s.,fixed 2.5-3 m high; 20-35 degree downward angle; full body/ROI visible; 1280x720 or higher; 25-30 FPS,experiments/priority_19_08/manual/videos/loitering/train/loitering_negative_P03_daylight_side_oblique.mp4,experiments/priority_19_08/manual/configs/loitering_negative_P03_daylight_side_oblique.yaml,TO_RECORD
loitering_negative_P03_low_light_frontal_oblique,loitering,negative,P03,low_light,frontal_oblique,train,P03,25,A person passes through the ROI and leaves before 15 s.,fixed 2.5-3 m high; 20-35 degree downward angle; full body/ROI visible; 1280x720 or higher; 25-30 FPS,experiments/priority_19_08/manual/videos/loitering/train/loitering_negative_P03_low_light_frontal_oblique.mp4,experiments/priority_19_08/manual/configs/loitering_negative_P03_low_light_frontal_oblique.yaml,TO_RECORD
loitering_negative_P03_low_light_side_oblique,loitering,negative,P03,low_light,side_oblique,train,P03,25,A person passes through the ROI and leaves before 15 s.,fixed 2.5-3 m high; 20-35 degree downward angle; full body/ROI visible; 1280x720 or higher; 25-30 FPS,experiments/priority_19_08/manual/videos/loitering/train/loitering_negative_P03_low_light_side_oblique.mp4,experiments/priority_19_08/manual/configs/loitering_negative_P03_low_light_side_oblique.yaml,TO_RECORD
loitering_negative_P04_daylight_frontal_oblique,loitering,negative,P04,daylight,frontal_oblique,validation,P04,25,A person passes through the ROI and leaves before 15 s.,fixed 2.5-3 m high; 20-35 degree downward angle; full body/ROI visible; 1280x720 or higher; 25-30 FPS,experiments/priority_19_08/manual/videos/loitering/validation/loitering_negative_P04_daylight_frontal_oblique.mp4,experiments/priority_19_08/manual/configs/loitering_negative_P04_daylight_frontal_oblique.yaml,TO_RECORD
loitering_negative_P04_daylight_side_oblique,loitering,negative,P04,daylight,side_oblique,validation,P04,25,A person passes through the ROI and leaves before 15 s.,fixed 2.5-3 m high; 20-35 degree downward angle; full body/ROI visible; 1280x720 or higher; 25-30 FPS,experiments/priority_19_08/manual/videos/loitering/validation/loitering_negative_P04_daylight_side_oblique.mp4,experiments/priority_19_08/manual/configs/loitering_negative_P04_daylight_side_oblique.yaml,TO_RECORD
loitering_negative_P04_low_light_frontal_oblique,loitering,negative,P04,low_light,frontal_oblique,validation,P04,25,A person passes through the ROI and leaves before 15 s.,fixed 2.5-3 m high; 20-35 degree downward angle; full body/ROI visible; 1280x720 or higher; 25-30 FPS,experiments/priority_19_08/manual/videos/loitering/validation/loitering_negative_P04_low_light_frontal_oblique.mp4,experiments/priority_19_08/manual/configs/loitering_negative_P04_low_light_frontal_oblique.yaml,TO_RECORD
loitering_negative_P04_low_light_side_oblique,loitering,negative,P04,low_light,side_oblique,validation,P04,25,A person passes through the ROI and leaves before 15 s.,fixed 2.5-3 m high; 20-35 degree downward angle; full body/ROI visible; 1280x720 or higher; 25-30 FPS,experiments/priority_19_08/manual/videos/loitering/validation/loitering_negative_P04_low_light_side_oblique.mp4,experiments/priority_19_08/manual/configs/loitering_negative_P04_low_light_side_oblique.yaml,TO_RECORD
loitering_negative_P05_daylight_frontal_oblique,loitering,negative,P05,daylight,frontal_oblique,test,P05,25,A person passes through the ROI and leaves before 15 s.,fixed 2.5-3 m high; 20-35 degree downward angle; full body/ROI visible; 1280x720 or higher; 25-30 FPS,experiments/priority_19_08/manual/videos/loitering/test/loitering_negative_P05_daylight_frontal_oblique.mp4,experiments/priority_19_08/manual/configs/loitering_negative_P05_daylight_frontal_oblique.yaml,TO_RECORD
loitering_negative_P05_daylight_side_oblique,loitering,negative,P05,daylight,side_oblique,test,P05,25,A person passes through the ROI and leaves before 15 s.,fixed 2.5-3 m high; 20-35 degree downward angle; full body/ROI visible; 1280x720 or higher; 25-30 FPS,experiments/priority_19_08/manual/videos/loitering/test/loitering_negative_P05_daylight_side_oblique.mp4,experiments/priority_19_08/manual/configs/loitering_negative_P05_daylight_side_oblique.yaml,TO_RECORD
loitering_negative_P05_low_light_frontal_oblique,loitering,negative,P05,low_light,frontal_oblique,test,P05,25,A person passes through the ROI and leaves before 15 s.,fixed 2.5-3 m high; 20-35 degree downward angle; full body/ROI visible; 1280x720 or higher; 25-30 FPS,experiments/priority_19_08/manual/videos/loitering/test/loitering_negative_P05_low_light_frontal_oblique.mp4,experiments/priority_19_08/manual/configs/loitering_negative_P05_low_light_frontal_oblique.yaml,TO_RECORD
loitering_negative_P05_low_light_side_oblique,loitering,negative,P05,low_light,side_oblique,test,P05,25,A person passes through the ROI and leaves before 15 s.,fixed 2.5-3 m high; 20-35 degree downward angle; full body/ROI visible; 1280x720 or higher; 25-30 FPS,experiments/priority_19_08/manual/videos/loitering/test/loitering_negative_P05_low_light_side_oblique.mp4,experiments/priority_19_08/manual/configs/loitering_negative_P05_low_light_side_oblique.yaml,TO_RECORD
suspicious_behavior_positive_P01_daylight_frontal_oblique,suspicious_behavior,positive,P01,daylight,frontal_oblique,train,P01,200,A confirmed stranger stands nearly still or paces inside stranger_watch for at least 190 s.,fixed 2.5-3 m high; 20-35 degree downward angle; full body/ROI visible; 1280x720 or higher; 25-30 FPS,experiments/priority_19_08/manual/videos/suspicious_behavior/train/suspicious_behavior_positive_P01_daylight_frontal_oblique.mp4,experiments/priority_19_08/manual/configs/suspicious_behavior_positive_P01_daylight_frontal_oblique.yaml,TO_RECORD
suspicious_behavior_positive_P01_daylight_side_oblique,suspicious_behavior,positive,P01,daylight,side_oblique,train,P01,200,A confirmed stranger stands nearly still or paces inside stranger_watch for at least 190 s.,fixed 2.5-3 m high; 20-35 degree downward angle; full body/ROI visible; 1280x720 or higher; 25-30 FPS,experiments/priority_19_08/manual/videos/suspicious_behavior/train/suspicious_behavior_positive_P01_daylight_side_oblique.mp4,experiments/priority_19_08/manual/configs/suspicious_behavior_positive_P01_daylight_side_oblique.yaml,TO_RECORD
suspicious_behavior_positive_P01_low_light_frontal_oblique,suspicious_behavior,positive,P01,low_light,frontal_oblique,train,P01,200,A confirmed stranger stands nearly still or paces inside stranger_watch for at least 190 s.,fixed 2.5-3 m high; 20-35 degree downward angle; full body/ROI visible; 1280x720 or higher; 25-30 FPS,experiments/priority_19_08/manual/videos/suspicious_behavior/train/suspicious_behavior_positive_P01_low_light_frontal_oblique.mp4,experiments/priority_19_08/manual/configs/suspicious_behavior_positive_P01_low_light_frontal_oblique.yaml,TO_RECORD
suspicious_behavior_positive_P01_low_light_side_oblique,suspicious_behavior,positive,P01,low_light,side_oblique,train,P01,200,A confirmed stranger stands nearly still or paces inside stranger_watch for at least 190 s.,fixed 2.5-3 m high; 20-35 degree downward angle; full body/ROI visible; 1280x720 or higher; 25-30 FPS,experiments/priority_19_08/manual/videos/suspicious_behavior/train/suspicious_behavior_positive_P01_low_light_side_oblique.mp4,experiments/priority_19_08/manual/configs/suspicious_behavior_positive_P01_low_light_side_oblique.yaml,TO_RECORD
suspicious_behavior_positive_P02_daylight_frontal_oblique,suspicious_behavior,positive,P02,daylight,frontal_oblique,train,P02,200,A confirmed stranger stands nearly still or paces inside stranger_watch for at least 190 s.,fixed 2.5-3 m high; 20-35 degree downward angle; full body/ROI visible; 1280x720 or higher; 25-30 FPS,experiments/priority_19_08/manual/videos/suspicious_behavior/train/suspicious_behavior_positive_P02_daylight_frontal_oblique.mp4,experiments/priority_19_08/manual/configs/suspicious_behavior_positive_P02_daylight_frontal_oblique.yaml,TO_RECORD
suspicious_behavior_positive_P02_daylight_side_oblique,suspicious_behavior,positive,P02,daylight,side_oblique,train,P02,200,A confirmed stranger stands nearly still or paces inside stranger_watch for at least 190 s.,fixed 2.5-3 m high; 20-35 degree downward angle; full body/ROI visible; 1280x720 or higher; 25-30 FPS,experiments/priority_19_08/manual/videos/suspicious_behavior/train/suspicious_behavior_positive_P02_daylight_side_oblique.mp4,experiments/priority_19_08/manual/configs/suspicious_behavior_positive_P02_daylight_side_oblique.yaml,TO_RECORD
suspicious_behavior_positive_P02_low_light_frontal_oblique,suspicious_behavior,positive,P02,low_light,frontal_oblique,train,P02,200,A confirmed stranger stands nearly still or paces inside stranger_watch for at least 190 s.,fixed 2.5-3 m high; 20-35 degree downward angle; full body/ROI visible; 1280x720 or higher; 25-30 FPS,experiments/priority_19_08/manual/videos/suspicious_behavior/train/suspicious_behavior_positive_P02_low_light_frontal_oblique.mp4,experiments/priority_19_08/manual/configs/suspicious_behavior_positive_P02_low_light_frontal_oblique.yaml,TO_RECORD
suspicious_behavior_positive_P02_low_light_side_oblique,suspicious_behavior,positive,P02,low_light,side_oblique,train,P02,200,A confirmed stranger stands nearly still or paces inside stranger_watch for at least 190 s.,fixed 2.5-3 m high; 20-35 degree downward angle; full body/ROI visible; 1280x720 or higher; 25-30 FPS,experiments/priority_19_08/manual/videos/suspicious_behavior/train/suspicious_behavior_positive_P02_low_light_side_oblique.mp4,experiments/priority_19_08/manual/configs/suspicious_behavior_positive_P02_low_light_side_oblique.yaml,TO_RECORD
suspicious_behavior_positive_P03_daylight_frontal_oblique,suspicious_behavior,positive,P03,daylight,frontal_oblique,train,P03,200,A confirmed stranger stands nearly still or paces inside stranger_watch for at least 190 s.,fixed 2.5-3 m high; 20-35 degree downward angle; full body/ROI visible; 1280x720 or higher; 25-30 FPS,experiments/priority_19_08/manual/videos/suspicious_behavior/train/suspicious_behavior_positive_P03_daylight_frontal_oblique.mp4,experiments/priority_19_08/manual/configs/suspicious_behavior_positive_P03_daylight_frontal_oblique.yaml,TO_RECORD
suspicious_behavior_positive_P03_daylight_side_oblique,suspicious_behavior,positive,P03,daylight,side_oblique,train,P03,200,A confirmed stranger stands nearly still or paces inside stranger_watch for at least 190 s.,fixed 2.5-3 m high; 20-35 degree downward angle; full body/ROI visible; 1280x720 or higher; 25-30 FPS,experiments/priority_19_08/manual/videos/suspicious_behavior/train/suspicious_behavior_positive_P03_daylight_side_oblique.mp4,experiments/priority_19_08/manual/configs/suspicious_behavior_positive_P03_daylight_side_oblique.yaml,TO_RECORD
suspicious_behavior_positive_P03_low_light_frontal_oblique,suspicious_behavior,positive,P03,low_light,frontal_oblique,train,P03,200,A confirmed stranger stands nearly still or paces inside stranger_watch for at least 190 s.,fixed 2.5-3 m high; 20-35 degree downward angle; full body/ROI visible; 1280x720 or higher; 25-30 FPS,experiments/priority_19_08/manual/videos/suspicious_behavior/train/suspicious_behavior_positive_P03_low_light_frontal_oblique.mp4,experiments/priority_19_08/manual/configs/suspicious_behavior_positive_P03_low_light_frontal_oblique.yaml,TO_RECORD
suspicious_behavior_positive_P03_low_light_side_oblique,suspicious_behavior,positive,P03,low_light,side_oblique,train,P03,200,A confirmed stranger stands nearly still or paces inside stranger_watch for at least 190 s.,fixed 2.5-3 m high; 20-35 degree downward angle; full body/ROI visible; 1280x720 or higher; 25-30 FPS,experiments/priority_19_08/manual/videos/suspicious_behavior/train/suspicious_behavior_positive_P03_low_light_side_oblique.mp4,experiments/priority_19_08/manual/configs/suspicious_behavior_positive_P03_low_light_side_oblique.yaml,TO_RECORD
suspicious_behavior_positive_P04_daylight_frontal_oblique,suspicious_behavior,positive,P04,daylight,frontal_oblique,validation,P04,200,A confirmed stranger stands nearly still or paces inside stranger_watch for at least 190 s.,fixed 2.5-3 m high; 20-35 degree downward angle; full body/ROI visible; 1280x720 or higher; 25-30 FPS,experiments/priority_19_08/manual/videos/suspicious_behavior/validation/suspicious_behavior_positive_P04_daylight_frontal_oblique.mp4,experiments/priority_19_08/manual/configs/suspicious_behavior_positive_P04_daylight_frontal_oblique.yaml,TO_RECORD
suspicious_behavior_positive_P04_daylight_side_oblique,suspicious_behavior,positive,P04,daylight,side_oblique,validation,P04,200,A confirmed stranger stands nearly still or paces inside stranger_watch for at least 190 s.,fixed 2.5-3 m high; 20-35 degree downward angle; full body/ROI visible; 1280x720 or higher; 25-30 FPS,experiments/priority_19_08/manual/videos/suspicious_behavior/validation/suspicious_behavior_positive_P04_daylight_side_oblique.mp4,experiments/priority_19_08/manual/configs/suspicious_behavior_positive_P04_daylight_side_oblique.yaml,TO_RECORD
suspicious_behavior_positive_P04_low_light_frontal_oblique,suspicious_behavior,positive,P04,low_light,frontal_oblique,validation,P04,200,A confirmed stranger stands nearly still or paces inside stranger_watch for at least 190 s.,fixed 2.5-3 m high; 20-35 degree downward angle; full body/ROI visible; 1280x720 or higher; 25-30 FPS,experiments/priority_19_08/manual/videos/suspicious_behavior/validation/suspicious_behavior_positive_P04_low_light_frontal_oblique.mp4,experiments/priority_19_08/manual/configs/suspicious_behavior_positive_P04_low_light_frontal_oblique.yaml,TO_RECORD
suspicious_behavior_positive_P04_low_light_side_oblique,suspicious_behavior,positive,P04,low_light,side_oblique,validation,P04,200,A confirmed stranger stands nearly still or paces inside stranger_watch for at least 190 s.,fixed 2.5-3 m high; 20-35 degree downward angle; full body/ROI visible; 1280x720 or higher; 25-30 FPS,experiments/priority_19_08/manual/videos/suspicious_behavior/validation/suspicious_behavior_positive_P04_low_light_side_oblique.mp4,experiments/priority_19_08/manual/configs/suspicious_behavior_positive_P04_low_light_side_oblique.yaml,TO_RECORD
suspicious_behavior_positive_P05_daylight_frontal_oblique,suspicious_behavior,positive,P05,daylight,frontal_oblique,test,P05,200,A confirmed stranger stands nearly still or paces inside stranger_watch for at least 190 s.,fixed 2.5-3 m high; 20-35 degree downward angle; full body/ROI visible; 1280x720 or higher; 25-30 FPS,experiments/priority_19_08/manual/videos/suspicious_behavior/test/suspicious_behavior_positive_P05_daylight_frontal_oblique.mp4,experiments/priority_19_08/manual/configs/suspicious_behavior_positive_P05_daylight_frontal_oblique.yaml,TO_RECORD
suspicious_behavior_positive_P05_daylight_side_oblique,suspicious_behavior,positive,P05,daylight,side_oblique,test,P05,200,A confirmed stranger stands nearly still or paces inside stranger_watch for at least 190 s.,fixed 2.5-3 m high; 20-35 degree downward angle; full body/ROI visible; 1280x720 or higher; 25-30 FPS,experiments/priority_19_08/manual/videos/suspicious_behavior/test/suspicious_behavior_positive_P05_daylight_side_oblique.mp4,experiments/priority_19_08/manual/configs/suspicious_behavior_positive_P05_daylight_side_oblique.yaml,TO_RECORD
suspicious_behavior_positive_P05_low_light_frontal_oblique,suspicious_behavior,positive,P05,low_light,frontal_oblique,test,P05,200,A confirmed stranger stands nearly still or paces inside stranger_watch for at least 190 s.,fixed 2.5-3 m high; 20-35 degree downward angle; full body/ROI visible; 1280x720 or higher; 25-30 FPS,experiments/priority_19_08/manual/videos/suspicious_behavior/test/suspicious_behavior_positive_P05_low_light_frontal_oblique.mp4,experiments/priority_19_08/manual/configs/suspicious_behavior_positive_P05_low_light_frontal_oblique.yaml,TO_RECORD
suspicious_behavior_positive_P05_low_light_side_oblique,suspicious_behavior,positive,P05,low_light,side_oblique,test,P05,200,A confirmed stranger stands nearly still or paces inside stranger_watch for at least 190 s.,fixed 2.5-3 m high; 20-35 degree downward angle; full body/ROI visible; 1280x720 or higher; 25-30 FPS,experiments/priority_19_08/manual/videos/suspicious_behavior/test/suspicious_behavior_positive_P05_low_light_side_oblique.mp4,experiments/priority_19_08/manual/configs/suspicious_behavior_positive_P05_low_light_side_oblique.yaml,TO_RECORD
suspicious_behavior_negative_P01_daylight_frontal_oblique,suspicious_behavior,negative,P01,daylight,frontal_oblique,train,P01,200,A stranger moves purposefully through the watched area without standing still or pacing.,fixed 2.5-3 m high; 20-35 degree downward angle; full body/ROI visible; 1280x720 or higher; 25-30 FPS,experiments/priority_19_08/manual/videos/suspicious_behavior/train/suspicious_behavior_negative_P01_daylight_frontal_oblique.mp4,experiments/priority_19_08/manual/configs/suspicious_behavior_negative_P01_daylight_frontal_oblique.yaml,TO_RECORD
suspicious_behavior_negative_P01_daylight_side_oblique,suspicious_behavior,negative,P01,daylight,side_oblique,train,P01,200,A stranger moves purposefully through the watched area without standing still or pacing.,fixed 2.5-3 m high; 20-35 degree downward angle; full body/ROI visible; 1280x720 or higher; 25-30 FPS,experiments/priority_19_08/manual/videos/suspicious_behavior/train/suspicious_behavior_negative_P01_daylight_side_oblique.mp4,experiments/priority_19_08/manual/configs/suspicious_behavior_negative_P01_daylight_side_oblique.yaml,TO_RECORD
suspicious_behavior_negative_P01_low_light_frontal_oblique,suspicious_behavior,negative,P01,low_light,frontal_oblique,train,P01,200,A stranger moves purposefully through the watched area without standing still or pacing.,fixed 2.5-3 m high; 20-35 degree downward angle; full body/ROI visible; 1280x720 or higher; 25-30 FPS,experiments/priority_19_08/manual/videos/suspicious_behavior/train/suspicious_behavior_negative_P01_low_light_frontal_oblique.mp4,experiments/priority_19_08/manual/configs/suspicious_behavior_negative_P01_low_light_frontal_oblique.yaml,TO_RECORD
suspicious_behavior_negative_P01_low_light_side_oblique,suspicious_behavior,negative,P01,low_light,side_oblique,train,P01,200,A stranger moves purposefully through the watched area without standing still or pacing.,fixed 2.5-3 m high; 20-35 degree downward angle; full body/ROI visible; 1280x720 or higher; 25-30 FPS,experiments/priority_19_08/manual/videos/suspicious_behavior/train/suspicious_behavior_negative_P01_low_light_side_oblique.mp4,experiments/priority_19_08/manual/configs/suspicious_behavior_negative_P01_low_light_side_oblique.yaml,TO_RECORD
suspicious_behavior_negative_P02_daylight_frontal_oblique,suspicious_behavior,negative,P02,daylight,frontal_oblique,train,P02,200,A stranger moves purposefully through the watched area without standing still or pacing.,fixed 2.5-3 m high; 20-35 degree downward angle; full body/ROI visible; 1280x720 or higher; 25-30 FPS,experiments/priority_19_08/manual/videos/suspicious_behavior/train/suspicious_behavior_negative_P02_daylight_frontal_oblique.mp4,experiments/priority_19_08/manual/configs/suspicious_behavior_negative_P02_daylight_frontal_oblique.yaml,TO_RECORD
suspicious_behavior_negative_P02_daylight_side_oblique,suspicious_behavior,negative,P02,daylight,side_oblique,train,P02,200,A stranger moves purposefully through the watched area without standing still or pacing.,fixed 2.5-3 m high; 20-35 degree downward angle; full body/ROI visible; 1280x720 or higher; 25-30 FPS,experiments/priority_19_08/manual/videos/suspicious_behavior/train/suspicious_behavior_negative_P02_daylight_side_oblique.mp4,experiments/priority_19_08/manual/configs/suspicious_behavior_negative_P02_daylight_side_oblique.yaml,TO_RECORD
suspicious_behavior_negative_P02_low_light_frontal_oblique,suspicious_behavior,negative,P02,low_light,frontal_oblique,train,P02,200,A stranger moves purposefully through the watched area without standing still or pacing.,fixed 2.5-3 m high; 20-35 degree downward angle; full body/ROI visible; 1280x720 or higher; 25-30 FPS,experiments/priority_19_08/manual/videos/suspicious_behavior/train/suspicious_behavior_negative_P02_low_light_frontal_oblique.mp4,experiments/priority_19_08/manual/configs/suspicious_behavior_negative_P02_low_light_frontal_oblique.yaml,TO_RECORD
suspicious_behavior_negative_P02_low_light_side_oblique,suspicious_behavior,negative,P02,low_light,side_oblique,train,P02,200,A stranger moves purposefully through the watched area without standing still or pacing.,fixed 2.5-3 m high; 20-35 degree downward angle; full body/ROI visible; 1280x720 or higher; 25-30 FPS,experiments/priority_19_08/manual/videos/suspicious_behavior/train/suspicious_behavior_negative_P02_low_light_side_oblique.mp4,experiments/priority_19_08/manual/configs/suspicious_behavior_negative_P02_low_light_side_oblique.yaml,TO_RECORD
suspicious_behavior_negative_P03_daylight_frontal_oblique,suspicious_behavior,negative,P03,daylight,frontal_oblique,train,P03,200,A stranger moves purposefully through the watched area without standing still or pacing.,fixed 2.5-3 m high; 20-35 degree downward angle; full body/ROI visible; 1280x720 or higher; 25-30 FPS,experiments/priority_19_08/manual/videos/suspicious_behavior/train/suspicious_behavior_negative_P03_daylight_frontal_oblique.mp4,experiments/priority_19_08/manual/configs/suspicious_behavior_negative_P03_daylight_frontal_oblique.yaml,TO_RECORD
suspicious_behavior_negative_P03_daylight_side_oblique,suspicious_behavior,negative,P03,daylight,side_oblique,train,P03,200,A stranger moves purposefully through the watched area without standing still or pacing.,fixed 2.5-3 m high; 20-35 degree downward angle; full body/ROI visible; 1280x720 or higher; 25-30 FPS,experiments/priority_19_08/manual/videos/suspicious_behavior/train/suspicious_behavior_negative_P03_daylight_side_oblique.mp4,experiments/priority_19_08/manual/configs/suspicious_behavior_negative_P03_daylight_side_oblique.yaml,TO_RECORD
suspicious_behavior_negative_P03_low_light_frontal_oblique,suspicious_behavior,negative,P03,low_light,frontal_oblique,train,P03,200,A stranger moves purposefully through the watched area without standing still or pacing.,fixed 2.5-3 m high; 20-35 degree downward angle; full body/ROI visible; 1280x720 or higher; 25-30 FPS,experiments/priority_19_08/manual/videos/suspicious_behavior/train/suspicious_behavior_negative_P03_low_light_frontal_oblique.mp4,experiments/priority_19_08/manual/configs/suspicious_behavior_negative_P03_low_light_frontal_oblique.yaml,TO_RECORD
suspicious_behavior_negative_P03_low_light_side_oblique,suspicious_behavior,negative,P03,low_light,side_oblique,train,P03,200,A stranger moves purposefully through the watched area without standing still or pacing.,fixed 2.5-3 m high; 20-35 degree downward angle; full body/ROI visible; 1280x720 or higher; 25-30 FPS,experiments/priority_19_08/manual/videos/suspicious_behavior/train/suspicious_behavior_negative_P03_low_light_side_oblique.mp4,experiments/priority_19_08/manual/configs/suspicious_behavior_negative_P03_low_light_side_oblique.yaml,TO_RECORD
suspicious_behavior_negative_P04_daylight_frontal_oblique,suspicious_behavior,negative,P04,daylight,frontal_oblique,validation,P04,200,A stranger moves purposefully through the watched area without standing still or pacing.,fixed 2.5-3 m high; 20-35 degree downward angle; full body/ROI visible; 1280x720 or higher; 25-30 FPS,experiments/priority_19_08/manual/videos/suspicious_behavior/validation/suspicious_behavior_negative_P04_daylight_frontal_oblique.mp4,experiments/priority_19_08/manual/configs/suspicious_behavior_negative_P04_daylight_frontal_oblique.yaml,TO_RECORD
suspicious_behavior_negative_P04_daylight_side_oblique,suspicious_behavior,negative,P04,daylight,side_oblique,validation,P04,200,A stranger moves purposefully through the watched area without standing still or pacing.,fixed 2.5-3 m high; 20-35 degree downward angle; full body/ROI visible; 1280x720 or higher; 25-30 FPS,experiments/priority_19_08/manual/videos/suspicious_behavior/validation/suspicious_behavior_negative_P04_daylight_side_oblique.mp4,experiments/priority_19_08/manual/configs/suspicious_behavior_negative_P04_daylight_side_oblique.yaml,TO_RECORD
suspicious_behavior_negative_P04_low_light_frontal_oblique,suspicious_behavior,negative,P04,low_light,frontal_oblique,validation,P04,200,A stranger moves purposefully through the watched area without standing still or pacing.,fixed 2.5-3 m high; 20-35 degree downward angle; full body/ROI visible; 1280x720 or higher; 25-30 FPS,experiments/priority_19_08/manual/videos/suspicious_behavior/validation/suspicious_behavior_negative_P04_low_light_frontal_oblique.mp4,experiments/priority_19_08/manual/configs/suspicious_behavior_negative_P04_low_light_frontal_oblique.yaml,TO_RECORD
suspicious_behavior_negative_P04_low_light_side_oblique,suspicious_behavior,negative,P04,low_light,side_oblique,validation,P04,200,A stranger moves purposefully through the watched area without standing still or pacing.,fixed 2.5-3 m high; 20-35 degree downward angle; full body/ROI visible; 1280x720 or higher; 25-30 FPS,experiments/priority_19_08/manual/videos/suspicious_behavior/validation/suspicious_behavior_negative_P04_low_light_side_oblique.mp4,experiments/priority_19_08/manual/configs/suspicious_behavior_negative_P04_low_light_side_oblique.yaml,TO_RECORD
suspicious_behavior_negative_P05_daylight_frontal_oblique,suspicious_behavior,negative,P05,daylight,frontal_oblique,test,P05,200,A stranger moves purposefully through the watched area without standing still or pacing.,fixed 2.5-3 m high; 20-35 degree downward angle; full body/ROI visible; 1280x720 or higher; 25-30 FPS,experiments/priority_19_08/manual/videos/suspicious_behavior/test/suspicious_behavior_negative_P05_daylight_frontal_oblique.mp4,experiments/priority_19_08/manual/configs/suspicious_behavior_negative_P05_daylight_frontal_oblique.yaml,TO_RECORD
suspicious_behavior_negative_P05_daylight_side_oblique,suspicious_behavior,negative,P05,daylight,side_oblique,test,P05,200,A stranger moves purposefully through the watched area without standing still or pacing.,fixed 2.5-3 m high; 20-35 degree downward angle; full body/ROI visible; 1280x720 or higher; 25-30 FPS,experiments/priority_19_08/manual/videos/suspicious_behavior/test/suspicious_behavior_negative_P05_daylight_side_oblique.mp4,experiments/priority_19_08/manual/configs/suspicious_behavior_negative_P05_daylight_side_oblique.yaml,TO_RECORD
suspicious_behavior_negative_P05_low_light_frontal_oblique,suspicious_behavior,negative,P05,low_light,frontal_oblique,test,P05,200,A stranger moves purposefully through the watched area without standing still or pacing.,fixed 2.5-3 m high; 20-35 degree downward angle; full body/ROI visible; 1280x720 or higher; 25-30 FPS,experiments/priority_19_08/manual/videos/suspicious_behavior/test/suspicious_behavior_negative_P05_low_light_frontal_oblique.mp4,experiments/priority_19_08/manual/configs/suspicious_behavior_negative_P05_low_light_frontal_oblique.yaml,TO_RECORD
suspicious_behavior_negative_P05_low_light_side_oblique,suspicious_behavior,negative,P05,low_light,side_oblique,test,P05,200,A stranger moves purposefully through the watched area without standing still or pacing.,fixed 2.5-3 m high; 20-35 degree downward angle; full body/ROI visible; 1280x720 or higher; 25-30 FPS,experiments/priority_19_08/manual/videos/suspicious_behavior/test/suspicious_behavior_negative_P05_low_light_side_oblique.mp4,experiments/priority_19_08/manual/configs/suspicious_behavior_negative_P05_low_light_side_oblique.yaml,TO_RECORD
theft_positive_P01_daylight_frontal_oblique,theft,positive,P01,daylight,frontal_oblique,train,P01,35,A confirmed stranger stays near a watched vehicle for at least 10 s and then moves/pushes it.,fixed 2.5-3 m high; 20-35 degree downward angle; full body/ROI visible; 1280x720 or higher; 25-30 FPS,experiments/priority_19_08/manual/videos/theft/train/theft_positive_P01_daylight_frontal_oblique.mp4,experiments/priority_19_08/manual/configs/theft_positive_P01_daylight_frontal_oblique.yaml,TO_RECORD
theft_positive_P01_daylight_side_oblique,theft,positive,P01,daylight,side_oblique,train,P01,35,A confirmed stranger stays near a watched vehicle for at least 10 s and then moves/pushes it.,fixed 2.5-3 m high; 20-35 degree downward angle; full body/ROI visible; 1280x720 or higher; 25-30 FPS,experiments/priority_19_08/manual/videos/theft/train/theft_positive_P01_daylight_side_oblique.mp4,experiments/priority_19_08/manual/configs/theft_positive_P01_daylight_side_oblique.yaml,TO_RECORD
theft_positive_P01_low_light_frontal_oblique,theft,positive,P01,low_light,frontal_oblique,train,P01,35,A confirmed stranger stays near a watched vehicle for at least 10 s and then moves/pushes it.,fixed 2.5-3 m high; 20-35 degree downward angle; full body/ROI visible; 1280x720 or higher; 25-30 FPS,experiments/priority_19_08/manual/videos/theft/train/theft_positive_P01_low_light_frontal_oblique.mp4,experiments/priority_19_08/manual/configs/theft_positive_P01_low_light_frontal_oblique.yaml,TO_RECORD
theft_positive_P01_low_light_side_oblique,theft,positive,P01,low_light,side_oblique,train,P01,35,A confirmed stranger stays near a watched vehicle for at least 10 s and then moves/pushes it.,fixed 2.5-3 m high; 20-35 degree downward angle; full body/ROI visible; 1280x720 or higher; 25-30 FPS,experiments/priority_19_08/manual/videos/theft/train/theft_positive_P01_low_light_side_oblique.mp4,experiments/priority_19_08/manual/configs/theft_positive_P01_low_light_side_oblique.yaml,TO_RECORD
theft_positive_P02_daylight_frontal_oblique,theft,positive,P02,daylight,frontal_oblique,train,P02,35,A confirmed stranger stays near a watched vehicle for at least 10 s and then moves/pushes it.,fixed 2.5-3 m high; 20-35 degree downward angle; full body/ROI visible; 1280x720 or higher; 25-30 FPS,experiments/priority_19_08/manual/videos/theft/train/theft_positive_P02_daylight_frontal_oblique.mp4,experiments/priority_19_08/manual/configs/theft_positive_P02_daylight_frontal_oblique.yaml,TO_RECORD
theft_positive_P02_daylight_side_oblique,theft,positive,P02,daylight,side_oblique,train,P02,35,A confirmed stranger stays near a watched vehicle for at least 10 s and then moves/pushes it.,fixed 2.5-3 m high; 20-35 degree downward angle; full body/ROI visible; 1280x720 or higher; 25-30 FPS,experiments/priority_19_08/manual/videos/theft/train/theft_positive_P02_daylight_side_oblique.mp4,experiments/priority_19_08/manual/configs/theft_positive_P02_daylight_side_oblique.yaml,TO_RECORD
theft_positive_P02_low_light_frontal_oblique,theft,positive,P02,low_light,frontal_oblique,train,P02,35,A confirmed stranger stays near a watched vehicle for at least 10 s and then moves/pushes it.,fixed 2.5-3 m high; 20-35 degree downward angle; full body/ROI visible; 1280x720 or higher; 25-30 FPS,experiments/priority_19_08/manual/videos/theft/train/theft_positive_P02_low_light_frontal_oblique.mp4,experiments/priority_19_08/manual/configs/theft_positive_P02_low_light_frontal_oblique.yaml,TO_RECORD
theft_positive_P02_low_light_side_oblique,theft,positive,P02,low_light,side_oblique,train,P02,35,A confirmed stranger stays near a watched vehicle for at least 10 s and then moves/pushes it.,fixed 2.5-3 m high; 20-35 degree downward angle; full body/ROI visible; 1280x720 or higher; 25-30 FPS,experiments/priority_19_08/manual/videos/theft/train/theft_positive_P02_low_light_side_oblique.mp4,experiments/priority_19_08/manual/configs/theft_positive_P02_low_light_side_oblique.yaml,TO_RECORD
theft_positive_P03_daylight_frontal_oblique,theft,positive,P03,daylight,frontal_oblique,train,P03,35,A confirmed stranger stays near a watched vehicle for at least 10 s and then moves/pushes it.,fixed 2.5-3 m high; 20-35 degree downward angle; full body/ROI visible; 1280x720 or higher; 25-30 FPS,experiments/priority_19_08/manual/videos/theft/train/theft_positive_P03_daylight_frontal_oblique.mp4,experiments/priority_19_08/manual/configs/theft_positive_P03_daylight_frontal_oblique.yaml,TO_RECORD
theft_positive_P03_daylight_side_oblique,theft,positive,P03,daylight,side_oblique,train,P03,35,A confirmed stranger stays near a watched vehicle for at least 10 s and then moves/pushes it.,fixed 2.5-3 m high; 20-35 degree downward angle; full body/ROI visible; 1280x720 or higher; 25-30 FPS,experiments/priority_19_08/manual/videos/theft/train/theft_positive_P03_daylight_side_oblique.mp4,experiments/priority_19_08/manual/configs/theft_positive_P03_daylight_side_oblique.yaml,TO_RECORD
theft_positive_P03_low_light_frontal_oblique,theft,positive,P03,low_light,frontal_oblique,train,P03,35,A confirmed stranger stays near a watched vehicle for at least 10 s and then moves/pushes it.,fixed 2.5-3 m high; 20-35 degree downward angle; full body/ROI visible; 1280x720 or higher; 25-30 FPS,experiments/priority_19_08/manual/videos/theft/train/theft_positive_P03_low_light_frontal_oblique.mp4,experiments/priority_19_08/manual/configs/theft_positive_P03_low_light_frontal_oblique.yaml,TO_RECORD
theft_positive_P03_low_light_side_oblique,theft,positive,P03,low_light,side_oblique,train,P03,35,A confirmed stranger stays near a watched vehicle for at least 10 s and then moves/pushes it.,fixed 2.5-3 m high; 20-35 degree downward angle; full body/ROI visible; 1280x720 or higher; 25-30 FPS,experiments/priority_19_08/manual/videos/theft/train/theft_positive_P03_low_light_side_oblique.mp4,experiments/priority_19_08/manual/configs/theft_positive_P03_low_light_side_oblique.yaml,TO_RECORD
theft_positive_P04_daylight_frontal_oblique,theft,positive,P04,daylight,frontal_oblique,validation,P04,35,A confirmed stranger stays near a watched vehicle for at least 10 s and then moves/pushes it.,fixed 2.5-3 m high; 20-35 degree downward angle; full body/ROI visible; 1280x720 or higher; 25-30 FPS,experiments/priority_19_08/manual/videos/theft/validation/theft_positive_P04_daylight_frontal_oblique.mp4,experiments/priority_19_08/manual/configs/theft_positive_P04_daylight_frontal_oblique.yaml,TO_RECORD
theft_positive_P04_daylight_side_oblique,theft,positive,P04,daylight,side_oblique,validation,P04,35,A confirmed stranger stays near a watched vehicle for at least 10 s and then moves/pushes it.,fixed 2.5-3 m high; 20-35 degree downward angle; full body/ROI visible; 1280x720 or higher; 25-30 FPS,experiments/priority_19_08/manual/videos/theft/validation/theft_positive_P04_daylight_side_oblique.mp4,experiments/priority_19_08/manual/configs/theft_positive_P04_daylight_side_oblique.yaml,TO_RECORD
theft_positive_P04_low_light_frontal_oblique,theft,positive,P04,low_light,frontal_oblique,validation,P04,35,A confirmed stranger stays near a watched vehicle for at least 10 s and then moves/pushes it.,fixed 2.5-3 m high; 20-35 degree downward angle; full body/ROI visible; 1280x720 or higher; 25-30 FPS,experiments/priority_19_08/manual/videos/theft/validation/theft_positive_P04_low_light_frontal_oblique.mp4,experiments/priority_19_08/manual/configs/theft_positive_P04_low_light_frontal_oblique.yaml,TO_RECORD
theft_positive_P04_low_light_side_oblique,theft,positive,P04,low_light,side_oblique,validation,P04,35,A confirmed stranger stays near a watched vehicle for at least 10 s and then moves/pushes it.,fixed 2.5-3 m high; 20-35 degree downward angle; full body/ROI visible; 1280x720 or higher; 25-30 FPS,experiments/priority_19_08/manual/videos/theft/validation/theft_positive_P04_low_light_side_oblique.mp4,experiments/priority_19_08/manual/configs/theft_positive_P04_low_light_side_oblique.yaml,TO_RECORD
theft_positive_P05_daylight_frontal_oblique,theft,positive,P05,daylight,frontal_oblique,test,P05,35,A confirmed stranger stays near a watched vehicle for at least 10 s and then moves/pushes it.,fixed 2.5-3 m high; 20-35 degree downward angle; full body/ROI visible; 1280x720 or higher; 25-30 FPS,experiments/priority_19_08/manual/videos/theft/test/theft_positive_P05_daylight_frontal_oblique.mp4,experiments/priority_19_08/manual/configs/theft_positive_P05_daylight_frontal_oblique.yaml,TO_RECORD
theft_positive_P05_daylight_side_oblique,theft,positive,P05,daylight,side_oblique,test,P05,35,A confirmed stranger stays near a watched vehicle for at least 10 s and then moves/pushes it.,fixed 2.5-3 m high; 20-35 degree downward angle; full body/ROI visible; 1280x720 or higher; 25-30 FPS,experiments/priority_19_08/manual/videos/theft/test/theft_positive_P05_daylight_side_oblique.mp4,experiments/priority_19_08/manual/configs/theft_positive_P05_daylight_side_oblique.yaml,TO_RECORD
theft_positive_P05_low_light_frontal_oblique,theft,positive,P05,low_light,frontal_oblique,test,P05,35,A confirmed stranger stays near a watched vehicle for at least 10 s and then moves/pushes it.,fixed 2.5-3 m high; 20-35 degree downward angle; full body/ROI visible; 1280x720 or higher; 25-30 FPS,experiments/priority_19_08/manual/videos/theft/test/theft_positive_P05_low_light_frontal_oblique.mp4,experiments/priority_19_08/manual/configs/theft_positive_P05_low_light_frontal_oblique.yaml,TO_RECORD
theft_positive_P05_low_light_side_oblique,theft,positive,P05,low_light,side_oblique,test,P05,35,A confirmed stranger stays near a watched vehicle for at least 10 s and then moves/pushes it.,fixed 2.5-3 m high; 20-35 degree downward angle; full body/ROI visible; 1280x720 or higher; 25-30 FPS,experiments/priority_19_08/manual/videos/theft/test/theft_positive_P05_low_light_side_oblique.mp4,experiments/priority_19_08/manual/configs/theft_positive_P05_low_light_side_oblique.yaml,TO_RECORD
theft_negative_P01_daylight_frontal_oblique,theft,negative,P01,daylight,frontal_oblique,train,P01,35,"A stranger stays near the vehicle but does not move it, follow its motion, or touch/push it.",fixed 2.5-3 m high; 20-35 degree downward angle; full body/ROI visible; 1280x720 or higher; 25-30 FPS,experiments/priority_19_08/manual/videos/theft/train/theft_negative_P01_daylight_frontal_oblique.mp4,experiments/priority_19_08/manual/configs/theft_negative_P01_daylight_frontal_oblique.yaml,TO_RECORD
theft_negative_P01_daylight_side_oblique,theft,negative,P01,daylight,side_oblique,train,P01,35,"A stranger stays near the vehicle but does not move it, follow its motion, or touch/push it.",fixed 2.5-3 m high; 20-35 degree downward angle; full body/ROI visible; 1280x720 or higher; 25-30 FPS,experiments/priority_19_08/manual/videos/theft/train/theft_negative_P01_daylight_side_oblique.mp4,experiments/priority_19_08/manual/configs/theft_negative_P01_daylight_side_oblique.yaml,TO_RECORD
theft_negative_P01_low_light_frontal_oblique,theft,negative,P01,low_light,frontal_oblique,train,P01,35,"A stranger stays near the vehicle but does not move it, follow its motion, or touch/push it.",fixed 2.5-3 m high; 20-35 degree downward angle; full body/ROI visible; 1280x720 or higher; 25-30 FPS,experiments/priority_19_08/manual/videos/theft/train/theft_negative_P01_low_light_frontal_oblique.mp4,experiments/priority_19_08/manual/configs/theft_negative_P01_low_light_frontal_oblique.yaml,TO_RECORD
theft_negative_P01_low_light_side_oblique,theft,negative,P01,low_light,side_oblique,train,P01,35,"A stranger stays near the vehicle but does not move it, follow its motion, or touch/push it.",fixed 2.5-3 m high; 20-35 degree downward angle; full body/ROI visible; 1280x720 or higher; 25-30 FPS,experiments/priority_19_08/manual/videos/theft/train/theft_negative_P01_low_light_side_oblique.mp4,experiments/priority_19_08/manual/configs/theft_negative_P01_low_light_side_oblique.yaml,TO_RECORD
theft_negative_P02_daylight_frontal_oblique,theft,negative,P02,daylight,frontal_oblique,train,P02,35,"A stranger stays near the vehicle but does not move it, follow its motion, or touch/push it.",fixed 2.5-3 m high; 20-35 degree downward angle; full body/ROI visible; 1280x720 or higher; 25-30 FPS,experiments/priority_19_08/manual/videos/theft/train/theft_negative_P02_daylight_frontal_oblique.mp4,experiments/priority_19_08/manual/configs/theft_negative_P02_daylight_frontal_oblique.yaml,TO_RECORD
theft_negative_P02_daylight_side_oblique,theft,negative,P02,daylight,side_oblique,train,P02,35,"A stranger stays near the vehicle but does not move it, follow its motion, or touch/push it.",fixed 2.5-3 m high; 20-35 degree downward angle; full body/ROI visible; 1280x720 or higher; 25-30 FPS,experiments/priority_19_08/manual/videos/theft/train/theft_negative_P02_daylight_side_oblique.mp4,experiments/priority_19_08/manual/configs/theft_negative_P02_daylight_side_oblique.yaml,TO_RECORD
theft_negative_P02_low_light_frontal_oblique,theft,negative,P02,low_light,frontal_oblique,train,P02,35,"A stranger stays near the vehicle but does not move it, follow its motion, or touch/push it.",fixed 2.5-3 m high; 20-35 degree downward angle; full body/ROI visible; 1280x720 or higher; 25-30 FPS,experiments/priority_19_08/manual/videos/theft/train/theft_negative_P02_low_light_frontal_oblique.mp4,experiments/priority_19_08/manual/configs/theft_negative_P02_low_light_frontal_oblique.yaml,TO_RECORD
theft_negative_P02_low_light_side_oblique,theft,negative,P02,low_light,side_oblique,train,P02,35,"A stranger stays near the vehicle but does not move it, follow its motion, or touch/push it.",fixed 2.5-3 m high; 20-35 degree downward angle; full body/ROI visible; 1280x720 or higher; 25-30 FPS,experiments/priority_19_08/manual/videos/theft/train/theft_negative_P02_low_light_side_oblique.mp4,experiments/priority_19_08/manual/configs/theft_negative_P02_low_light_side_oblique.yaml,TO_RECORD
theft_negative_P03_daylight_frontal_oblique,theft,negative,P03,daylight,frontal_oblique,train,P03,35,"A stranger stays near the vehicle but does not move it, follow its motion, or touch/push it.",fixed 2.5-3 m high; 20-35 degree downward angle; full body/ROI visible; 1280x720 or higher; 25-30 FPS,experiments/priority_19_08/manual/videos/theft/train/theft_negative_P03_daylight_frontal_oblique.mp4,experiments/priority_19_08/manual/configs/theft_negative_P03_daylight_frontal_oblique.yaml,TO_RECORD
theft_negative_P03_daylight_side_oblique,theft,negative,P03,daylight,side_oblique,train,P03,35,"A stranger stays near the vehicle but does not move it, follow its motion, or touch/push it.",fixed 2.5-3 m high; 20-35 degree downward angle; full body/ROI visible; 1280x720 or higher; 25-30 FPS,experiments/priority_19_08/manual/videos/theft/train/theft_negative_P03_daylight_side_oblique.mp4,experiments/priority_19_08/manual/configs/theft_negative_P03_daylight_side_oblique.yaml,TO_RECORD
theft_negative_P03_low_light_frontal_oblique,theft,negative,P03,low_light,frontal_oblique,train,P03,35,"A stranger stays near the vehicle but does not move it, follow its motion, or touch/push it.",fixed 2.5-3 m high; 20-35 degree downward angle; full body/ROI visible; 1280x720 or higher; 25-30 FPS,experiments/priority_19_08/manual/videos/theft/train/theft_negative_P03_low_light_frontal_oblique.mp4,experiments/priority_19_08/manual/configs/theft_negative_P03_low_light_frontal_oblique.yaml,TO_RECORD
theft_negative_P03_low_light_side_oblique,theft,negative,P03,low_light,side_oblique,train,P03,35,"A stranger stays near the vehicle but does not move it, follow its motion, or touch/push it.",fixed 2.5-3 m high; 20-35 degree downward angle; full body/ROI visible; 1280x720 or higher; 25-30 FPS,experiments/priority_19_08/manual/videos/theft/train/theft_negative_P03_low_light_side_oblique.mp4,experiments/priority_19_08/manual/configs/theft_negative_P03_low_light_side_oblique.yaml,TO_RECORD
theft_negative_P04_daylight_frontal_oblique,theft,negative,P04,daylight,frontal_oblique,validation,P04,35,"A stranger stays near the vehicle but does not move it, follow its motion, or touch/push it.",fixed 2.5-3 m high; 20-35 degree downward angle; full body/ROI visible; 1280x720 or higher; 25-30 FPS,experiments/priority_19_08/manual/videos/theft/validation/theft_negative_P04_daylight_frontal_oblique.mp4,experiments/priority_19_08/manual/configs/theft_negative_P04_daylight_frontal_oblique.yaml,TO_RECORD
theft_negative_P04_daylight_side_oblique,theft,negative,P04,daylight,side_oblique,validation,P04,35,"A stranger stays near the vehicle but does not move it, follow its motion, or touch/push it.",fixed 2.5-3 m high; 20-35 degree downward angle; full body/ROI visible; 1280x720 or higher; 25-30 FPS,experiments/priority_19_08/manual/videos/theft/validation/theft_negative_P04_daylight_side_oblique.mp4,experiments/priority_19_08/manual/configs/theft_negative_P04_daylight_side_oblique.yaml,TO_RECORD
theft_negative_P04_low_light_frontal_oblique,theft,negative,P04,low_light,frontal_oblique,validation,P04,35,"A stranger stays near the vehicle but does not move it, follow its motion, or touch/push it.",fixed 2.5-3 m high; 20-35 degree downward angle; full body/ROI visible; 1280x720 or higher; 25-30 FPS,experiments/priority_19_08/manual/videos/theft/validation/theft_negative_P04_low_light_frontal_oblique.mp4,experiments/priority_19_08/manual/configs/theft_negative_P04_low_light_frontal_oblique.yaml,TO_RECORD
theft_negative_P04_low_light_side_oblique,theft,negative,P04,low_light,side_oblique,validation,P04,35,"A stranger stays near the vehicle but does not move it, follow its motion, or touch/push it.",fixed 2.5-3 m high; 20-35 degree downward angle; full body/ROI visible; 1280x720 or higher; 25-30 FPS,experiments/priority_19_08/manual/videos/theft/validation/theft_negative_P04_low_light_side_oblique.mp4,experiments/priority_19_08/manual/configs/theft_negative_P04_low_light_side_oblique.yaml,TO_RECORD
theft_negative_P05_daylight_frontal_oblique,theft,negative,P05,daylight,frontal_oblique,test,P05,35,"A stranger stays near the vehicle but does not move it, follow its motion, or touch/push it.",fixed 2.5-3 m high; 20-35 degree downward angle; full body/ROI visible; 1280x720 or higher; 25-30 FPS,experiments/priority_19_08/manual/videos/theft/test/theft_negative_P05_daylight_frontal_oblique.mp4,experiments/priority_19_08/manual/configs/theft_negative_P05_daylight_frontal_oblique.yaml,TO_RECORD
theft_negative_P05_daylight_side_oblique,theft,negative,P05,daylight,side_oblique,test,P05,35,"A stranger stays near the vehicle but does not move it, follow its motion, or touch/push it.",fixed 2.5-3 m high; 20-35 degree downward angle; full body/ROI visible; 1280x720 or higher; 25-30 FPS,experiments/priority_19_08/manual/videos/theft/test/theft_negative_P05_daylight_side_oblique.mp4,experiments/priority_19_08/manual/configs/theft_negative_P05_daylight_side_oblique.yaml,TO_RECORD
theft_negative_P05_low_light_frontal_oblique,theft,negative,P05,low_light,frontal_oblique,test,P05,35,"A stranger stays near the vehicle but does not move it, follow its motion, or touch/push it.",fixed 2.5-3 m high; 20-35 degree downward angle; full body/ROI visible; 1280x720 or higher; 25-30 FPS,experiments/priority_19_08/manual/videos/theft/test/theft_negative_P05_low_light_frontal_oblique.mp4,experiments/priority_19_08/manual/configs/theft_negative_P05_low_light_frontal_oblique.yaml,TO_RECORD
theft_negative_P05_low_light_side_oblique,theft,negative,P05,low_light,side_oblique,test,P05,35,"A stranger stays near the vehicle but does not move it, follow its motion, or touch/push it.",fixed 2.5-3 m high; 20-35 degree downward angle; full body/ROI visible; 1280x720 or higher; 25-30 FPS,experiments/priority_19_08/manual/videos/theft/test/theft_negative_P05_low_light_side_oblique.mp4,experiments/priority_19_08/manual/configs/theft_negative_P05_low_light_side_oblique.yaml,TO_RECORD
line_crossing_positive_P01_daylight_frontal_oblique,line_crossing,positive,P01,daylight,frontal_oblique,train,P01,25,A person crosses the configured counting line exactly once in the expected direction.,fixed 2.5-3 m high; 20-35 degree downward angle; full body/ROI visible; 1280x720 or higher; 25-30 FPS,experiments/priority_19_08/manual/videos/line_crossing/train/line_crossing_positive_P01_daylight_frontal_oblique.mp4,experiments/priority_19_08/manual/configs/line_crossing_positive_P01_daylight_frontal_oblique.yaml,TO_RECORD
line_crossing_positive_P01_daylight_side_oblique,line_crossing,positive,P01,daylight,side_oblique,train,P01,25,A person crosses the configured counting line exactly once in the expected direction.,fixed 2.5-3 m high; 20-35 degree downward angle; full body/ROI visible; 1280x720 or higher; 25-30 FPS,experiments/priority_19_08/manual/videos/line_crossing/train/line_crossing_positive_P01_daylight_side_oblique.mp4,experiments/priority_19_08/manual/configs/line_crossing_positive_P01_daylight_side_oblique.yaml,TO_RECORD
line_crossing_positive_P01_low_light_frontal_oblique,line_crossing,positive,P01,low_light,frontal_oblique,train,P01,25,A person crosses the configured counting line exactly once in the expected direction.,fixed 2.5-3 m high; 20-35 degree downward angle; full body/ROI visible; 1280x720 or higher; 25-30 FPS,experiments/priority_19_08/manual/videos/line_crossing/train/line_crossing_positive_P01_low_light_frontal_oblique.mp4,experiments/priority_19_08/manual/configs/line_crossing_positive_P01_low_light_frontal_oblique.yaml,TO_RECORD
line_crossing_positive_P01_low_light_side_oblique,line_crossing,positive,P01,low_light,side_oblique,train,P01,25,A person crosses the configured counting line exactly once in the expected direction.,fixed 2.5-3 m high; 20-35 degree downward angle; full body/ROI visible; 1280x720 or higher; 25-30 FPS,experiments/priority_19_08/manual/videos/line_crossing/train/line_crossing_positive_P01_low_light_side_oblique.mp4,experiments/priority_19_08/manual/configs/line_crossing_positive_P01_low_light_side_oblique.yaml,TO_RECORD
line_crossing_positive_P02_daylight_frontal_oblique,line_crossing,positive,P02,daylight,frontal_oblique,train,P02,25,A person crosses the configured counting line exactly once in the expected direction.,fixed 2.5-3 m high; 20-35 degree downward angle; full body/ROI visible; 1280x720 or higher; 25-30 FPS,experiments/priority_19_08/manual/videos/line_crossing/train/line_crossing_positive_P02_daylight_frontal_oblique.mp4,experiments/priority_19_08/manual/configs/line_crossing_positive_P02_daylight_frontal_oblique.yaml,TO_RECORD
line_crossing_positive_P02_daylight_side_oblique,line_crossing,positive,P02,daylight,side_oblique,train,P02,25,A person crosses the configured counting line exactly once in the expected direction.,fixed 2.5-3 m high; 20-35 degree downward angle; full body/ROI visible; 1280x720 or higher; 25-30 FPS,experiments/priority_19_08/manual/videos/line_crossing/train/line_crossing_positive_P02_daylight_side_oblique.mp4,experiments/priority_19_08/manual/configs/line_crossing_positive_P02_daylight_side_oblique.yaml,TO_RECORD
line_crossing_positive_P02_low_light_frontal_oblique,line_crossing,positive,P02,low_light,frontal_oblique,train,P02,25,A person crosses the configured counting line exactly once in the expected direction.,fixed 2.5-3 m high; 20-35 degree downward angle; full body/ROI visible; 1280x720 or higher; 25-30 FPS,experiments/priority_19_08/manual/videos/line_crossing/train/line_crossing_positive_P02_low_light_frontal_oblique.mp4,experiments/priority_19_08/manual/configs/line_crossing_positive_P02_low_light_frontal_oblique.yaml,TO_RECORD
line_crossing_positive_P02_low_light_side_oblique,line_crossing,positive,P02,low_light,side_oblique,train,P02,25,A person crosses the configured counting line exactly once in the expected direction.,fixed 2.5-3 m high; 20-35 degree downward angle; full body/ROI visible; 1280x720 or higher; 25-30 FPS,experiments/priority_19_08/manual/videos/line_crossing/train/line_crossing_positive_P02_low_light_side_oblique.mp4,experiments/priority_19_08/manual/configs/line_crossing_positive_P02_low_light_side_oblique.yaml,TO_RECORD
line_crossing_positive_P03_daylight_frontal_oblique,line_crossing,positive,P03,daylight,frontal_oblique,train,P03,25,A person crosses the configured counting line exactly once in the expected direction.,fixed 2.5-3 m high; 20-35 degree downward angle; full body/ROI visible; 1280x720 or higher; 25-30 FPS,experiments/priority_19_08/manual/videos/line_crossing/train/line_crossing_positive_P03_daylight_frontal_oblique.mp4,experiments/priority_19_08/manual/configs/line_crossing_positive_P03_daylight_frontal_oblique.yaml,TO_RECORD
line_crossing_positive_P03_daylight_side_oblique,line_crossing,positive,P03,daylight,side_oblique,train,P03,25,A person crosses the configured counting line exactly once in the expected direction.,fixed 2.5-3 m high; 20-35 degree downward angle; full body/ROI visible; 1280x720 or higher; 25-30 FPS,experiments/priority_19_08/manual/videos/line_crossing/train/line_crossing_positive_P03_daylight_side_oblique.mp4,experiments/priority_19_08/manual/configs/line_crossing_positive_P03_daylight_side_oblique.yaml,TO_RECORD
line_crossing_positive_P03_low_light_frontal_oblique,line_crossing,positive,P03,low_light,frontal_oblique,train,P03,25,A person crosses the configured counting line exactly once in the expected direction.,fixed 2.5-3 m high; 20-35 degree downward angle; full body/ROI visible; 1280x720 or higher; 25-30 FPS,experiments/priority_19_08/manual/videos/line_crossing/train/line_crossing_positive_P03_low_light_frontal_oblique.mp4,experiments/priority_19_08/manual/configs/line_crossing_positive_P03_low_light_frontal_oblique.yaml,TO_RECORD
line_crossing_positive_P03_low_light_side_oblique,line_crossing,positive,P03,low_light,side_oblique,train,P03,25,A person crosses the configured counting line exactly once in the expected direction.,fixed 2.5-3 m high; 20-35 degree downward angle; full body/ROI visible; 1280x720 or higher; 25-30 FPS,experiments/priority_19_08/manual/videos/line_crossing/train/line_crossing_positive_P03_low_light_side_oblique.mp4,experiments/priority_19_08/manual/configs/line_crossing_positive_P03_low_light_side_oblique.yaml,TO_RECORD
line_crossing_positive_P04_daylight_frontal_oblique,line_crossing,positive,P04,daylight,frontal_oblique,validation,P04,25,A person crosses the configured counting line exactly once in the expected direction.,fixed 2.5-3 m high; 20-35 degree downward angle; full body/ROI visible; 1280x720 or higher; 25-30 FPS,experiments/priority_19_08/manual/videos/line_crossing/validation/line_crossing_positive_P04_daylight_frontal_oblique.mp4,experiments/priority_19_08/manual/configs/line_crossing_positive_P04_daylight_frontal_oblique.yaml,TO_RECORD
line_crossing_positive_P04_daylight_side_oblique,line_crossing,positive,P04,daylight,side_oblique,validation,P04,25,A person crosses the configured counting line exactly once in the expected direction.,fixed 2.5-3 m high; 20-35 degree downward angle; full body/ROI visible; 1280x720 or higher; 25-30 FPS,experiments/priority_19_08/manual/videos/line_crossing/validation/line_crossing_positive_P04_daylight_side_oblique.mp4,experiments/priority_19_08/manual/configs/line_crossing_positive_P04_daylight_side_oblique.yaml,TO_RECORD
line_crossing_positive_P04_low_light_frontal_oblique,line_crossing,positive,P04,low_light,frontal_oblique,validation,P04,25,A person crosses the configured counting line exactly once in the expected direction.,fixed 2.5-3 m high; 20-35 degree downward angle; full body/ROI visible; 1280x720 or higher; 25-30 FPS,experiments/priority_19_08/manual/videos/line_crossing/validation/line_crossing_positive_P04_low_light_frontal_oblique.mp4,experiments/priority_19_08/manual/configs/line_crossing_positive_P04_low_light_frontal_oblique.yaml,TO_RECORD
line_crossing_positive_P04_low_light_side_oblique,line_crossing,positive,P04,low_light,side_oblique,validation,P04,25,A person crosses the configured counting line exactly once in the expected direction.,fixed 2.5-3 m high; 20-35 degree downward angle; full body/ROI visible; 1280x720 or higher; 25-30 FPS,experiments/priority_19_08/manual/videos/line_crossing/validation/line_crossing_positive_P04_low_light_side_oblique.mp4,experiments/priority_19_08/manual/configs/line_crossing_positive_P04_low_light_side_oblique.yaml,TO_RECORD
line_crossing_positive_P05_daylight_frontal_oblique,line_crossing,positive,P05,daylight,frontal_oblique,test,P05,25,A person crosses the configured counting line exactly once in the expected direction.,fixed 2.5-3 m high; 20-35 degree downward angle; full body/ROI visible; 1280x720 or higher; 25-30 FPS,experiments/priority_19_08/manual/videos/line_crossing/test/line_crossing_positive_P05_daylight_frontal_oblique.mp4,experiments/priority_19_08/manual/configs/line_crossing_positive_P05_daylight_frontal_oblique.yaml,TO_RECORD
line_crossing_positive_P05_daylight_side_oblique,line_crossing,positive,P05,daylight,side_oblique,test,P05,25,A person crosses the configured counting line exactly once in the expected direction.,fixed 2.5-3 m high; 20-35 degree downward angle; full body/ROI visible; 1280x720 or higher; 25-30 FPS,experiments/priority_19_08/manual/videos/line_crossing/test/line_crossing_positive_P05_daylight_side_oblique.mp4,experiments/priority_19_08/manual/configs/line_crossing_positive_P05_daylight_side_oblique.yaml,TO_RECORD
line_crossing_positive_P05_low_light_frontal_oblique,line_crossing,positive,P05,low_light,frontal_oblique,test,P05,25,A person crosses the configured counting line exactly once in the expected direction.,fixed 2.5-3 m high; 20-35 degree downward angle; full body/ROI visible; 1280x720 or higher; 25-30 FPS,experiments/priority_19_08/manual/videos/line_crossing/test/line_crossing_positive_P05_low_light_frontal_oblique.mp4,experiments/priority_19_08/manual/configs/line_crossing_positive_P05_low_light_frontal_oblique.yaml,TO_RECORD
line_crossing_positive_P05_low_light_side_oblique,line_crossing,positive,P05,low_light,side_oblique,test,P05,25,A person crosses the configured counting line exactly once in the expected direction.,fixed 2.5-3 m high; 20-35 degree downward angle; full body/ROI visible; 1280x720 or higher; 25-30 FPS,experiments/priority_19_08/manual/videos/line_crossing/test/line_crossing_positive_P05_low_light_side_oblique.mp4,experiments/priority_19_08/manual/configs/line_crossing_positive_P05_low_light_side_oblique.yaml,TO_RECORD
line_crossing_negative_P01_daylight_frontal_oblique,line_crossing,negative,P01,daylight,frontal_oblique,train,P01,25,"A person walks parallel to, touches, or turns before the counting line without crossing it.",fixed 2.5-3 m high; 20-35 degree downward angle; full body/ROI visible; 1280x720 or higher; 25-30 FPS,experiments/priority_19_08/manual/videos/line_crossing/train/line_crossing_negative_P01_daylight_frontal_oblique.mp4,experiments/priority_19_08/manual/configs/line_crossing_negative_P01_daylight_frontal_oblique.yaml,TO_RECORD
line_crossing_negative_P01_daylight_side_oblique,line_crossing,negative,P01,daylight,side_oblique,train,P01,25,"A person walks parallel to, touches, or turns before the counting line without crossing it.",fixed 2.5-3 m high; 20-35 degree downward angle; full body/ROI visible; 1280x720 or higher; 25-30 FPS,experiments/priority_19_08/manual/videos/line_crossing/train/line_crossing_negative_P01_daylight_side_oblique.mp4,experiments/priority_19_08/manual/configs/line_crossing_negative_P01_daylight_side_oblique.yaml,TO_RECORD
line_crossing_negative_P01_low_light_frontal_oblique,line_crossing,negative,P01,low_light,frontal_oblique,train,P01,25,"A person walks parallel to, touches, or turns before the counting line without crossing it.",fixed 2.5-3 m high; 20-35 degree downward angle; full body/ROI visible; 1280x720 or higher; 25-30 FPS,experiments/priority_19_08/manual/videos/line_crossing/train/line_crossing_negative_P01_low_light_frontal_oblique.mp4,experiments/priority_19_08/manual/configs/line_crossing_negative_P01_low_light_frontal_oblique.yaml,TO_RECORD
line_crossing_negative_P01_low_light_side_oblique,line_crossing,negative,P01,low_light,side_oblique,train,P01,25,"A person walks parallel to, touches, or turns before the counting line without crossing it.",fixed 2.5-3 m high; 20-35 degree downward angle; full body/ROI visible; 1280x720 or higher; 25-30 FPS,experiments/priority_19_08/manual/videos/line_crossing/train/line_crossing_negative_P01_low_light_side_oblique.mp4,experiments/priority_19_08/manual/configs/line_crossing_negative_P01_low_light_side_oblique.yaml,TO_RECORD
line_crossing_negative_P02_daylight_frontal_oblique,line_crossing,negative,P02,daylight,frontal_oblique,train,P02,25,"A person walks parallel to, touches, or turns before the counting line without crossing it.",fixed 2.5-3 m high; 20-35 degree downward angle; full body/ROI visible; 1280x720 or higher; 25-30 FPS,experiments/priority_19_08/manual/videos/line_crossing/train/line_crossing_negative_P02_daylight_frontal_oblique.mp4,experiments/priority_19_08/manual/configs/line_crossing_negative_P02_daylight_frontal_oblique.yaml,TO_RECORD
line_crossing_negative_P02_daylight_side_oblique,line_crossing,negative,P02,daylight,side_oblique,train,P02,25,"A person walks parallel to, touches, or turns before the counting line without crossing it.",fixed 2.5-3 m high; 20-35 degree downward angle; full body/ROI visible; 1280x720 or higher; 25-30 FPS,experiments/priority_19_08/manual/videos/line_crossing/train/line_crossing_negative_P02_daylight_side_oblique.mp4,experiments/priority_19_08/manual/configs/line_crossing_negative_P02_daylight_side_oblique.yaml,TO_RECORD
line_crossing_negative_P02_low_light_frontal_oblique,line_crossing,negative,P02,low_light,frontal_oblique,train,P02,25,"A person walks parallel to, touches, or turns before the counting line without crossing it.",fixed 2.5-3 m high; 20-35 degree downward angle; full body/ROI visible; 1280x720 or higher; 25-30 FPS,experiments/priority_19_08/manual/videos/line_crossing/train/line_crossing_negative_P02_low_light_frontal_oblique.mp4,experiments/priority_19_08/manual/configs/line_crossing_negative_P02_low_light_frontal_oblique.yaml,TO_RECORD
line_crossing_negative_P02_low_light_side_oblique,line_crossing,negative,P02,low_light,side_oblique,train,P02,25,"A person walks parallel to, touches, or turns before the counting line without crossing it.",fixed 2.5-3 m high; 20-35 degree downward angle; full body/ROI visible; 1280x720 or higher; 25-30 FPS,experiments/priority_19_08/manual/videos/line_crossing/train/line_crossing_negative_P02_low_light_side_oblique.mp4,experiments/priority_19_08/manual/configs/line_crossing_negative_P02_low_light_side_oblique.yaml,TO_RECORD
line_crossing_negative_P03_daylight_frontal_oblique,line_crossing,negative,P03,daylight,frontal_oblique,train,P03,25,"A person walks parallel to, touches, or turns before the counting line without crossing it.",fixed 2.5-3 m high; 20-35 degree downward angle; full body/ROI visible; 1280x720 or higher; 25-30 FPS,experiments/priority_19_08/manual/videos/line_crossing/train/line_crossing_negative_P03_daylight_frontal_oblique.mp4,experiments/priority_19_08/manual/configs/line_crossing_negative_P03_daylight_frontal_oblique.yaml,TO_RECORD
line_crossing_negative_P03_daylight_side_oblique,line_crossing,negative,P03,daylight,side_oblique,train,P03,25,"A person walks parallel to, touches, or turns before the counting line without crossing it.",fixed 2.5-3 m high; 20-35 degree downward angle; full body/ROI visible; 1280x720 or higher; 25-30 FPS,experiments/priority_19_08/manual/videos/line_crossing/train/line_crossing_negative_P03_daylight_side_oblique.mp4,experiments/priority_19_08/manual/configs/line_crossing_negative_P03_daylight_side_oblique.yaml,TO_RECORD
line_crossing_negative_P03_low_light_frontal_oblique,line_crossing,negative,P03,low_light,frontal_oblique,train,P03,25,"A person walks parallel to, touches, or turns before the counting line without crossing it.",fixed 2.5-3 m high; 20-35 degree downward angle; full body/ROI visible; 1280x720 or higher; 25-30 FPS,experiments/priority_19_08/manual/videos/line_crossing/train/line_crossing_negative_P03_low_light_frontal_oblique.mp4,experiments/priority_19_08/manual/configs/line_crossing_negative_P03_low_light_frontal_oblique.yaml,TO_RECORD
line_crossing_negative_P03_low_light_side_oblique,line_crossing,negative,P03,low_light,side_oblique,train,P03,25,"A person walks parallel to, touches, or turns before the counting line without crossing it.",fixed 2.5-3 m high; 20-35 degree downward angle; full body/ROI visible; 1280x720 or higher; 25-30 FPS,experiments/priority_19_08/manual/videos/line_crossing/train/line_crossing_negative_P03_low_light_side_oblique.mp4,experiments/priority_19_08/manual/configs/line_crossing_negative_P03_low_light_side_oblique.yaml,TO_RECORD
line_crossing_negative_P04_daylight_frontal_oblique,line_crossing,negative,P04,daylight,frontal_oblique,validation,P04,25,"A person walks parallel to, touches, or turns before the counting line without crossing it.",fixed 2.5-3 m high; 20-35 degree downward angle; full body/ROI visible; 1280x720 or higher; 25-30 FPS,experiments/priority_19_08/manual/videos/line_crossing/validation/line_crossing_negative_P04_daylight_frontal_oblique.mp4,experiments/priority_19_08/manual/configs/line_crossing_negative_P04_daylight_frontal_oblique.yaml,TO_RECORD
line_crossing_negative_P04_daylight_side_oblique,line_crossing,negative,P04,daylight,side_oblique,validation,P04,25,"A person walks parallel to, touches, or turns before the counting line without crossing it.",fixed 2.5-3 m high; 20-35 degree downward angle; full body/ROI visible; 1280x720 or higher; 25-30 FPS,experiments/priority_19_08/manual/videos/line_crossing/validation/line_crossing_negative_P04_daylight_side_oblique.mp4,experiments/priority_19_08/manual/configs/line_crossing_negative_P04_daylight_side_oblique.yaml,TO_RECORD
line_crossing_negative_P04_low_light_frontal_oblique,line_crossing,negative,P04,low_light,frontal_oblique,validation,P04,25,"A person walks parallel to, touches, or turns before the counting line without crossing it.",fixed 2.5-3 m high; 20-35 degree downward angle; full body/ROI visible; 1280x720 or higher; 25-30 FPS,experiments/priority_19_08/manual/videos/line_crossing/validation/line_crossing_negative_P04_low_light_frontal_oblique.mp4,experiments/priority_19_08/manual/configs/line_crossing_negative_P04_low_light_frontal_oblique.yaml,TO_RECORD
line_crossing_negative_P04_low_light_side_oblique,line_crossing,negative,P04,low_light,side_oblique,validation,P04,25,"A person walks parallel to, touches, or turns before the counting line without crossing it.",fixed 2.5-3 m high; 20-35 degree downward angle; full body/ROI visible; 1280x720 or higher; 25-30 FPS,experiments/priority_19_08/manual/videos/line_crossing/validation/line_crossing_negative_P04_low_light_side_oblique.mp4,experiments/priority_19_08/manual/configs/line_crossing_negative_P04_low_light_side_oblique.yaml,TO_RECORD
line_crossing_negative_P05_daylight_frontal_oblique,line_crossing,negative,P05,daylight,frontal_oblique,test,P05,25,"A person walks parallel to, touches, or turns before the counting line without crossing it.",fixed 2.5-3 m high; 20-35 degree downward angle; full body/ROI visible; 1280x720 or higher; 25-30 FPS,experiments/priority_19_08/manual/videos/line_crossing/test/line_crossing_negative_P05_daylight_frontal_oblique.mp4,experiments/priority_19_08/manual/configs/line_crossing_negative_P05_daylight_frontal_oblique.yaml,TO_RECORD
line_crossing_negative_P05_daylight_side_oblique,line_crossing,negative,P05,daylight,side_oblique,test,P05,25,"A person walks parallel to, touches, or turns before the counting line without crossing it.",fixed 2.5-3 m high; 20-35 degree downward angle; full body/ROI visible; 1280x720 or higher; 25-30 FPS,experiments/priority_19_08/manual/videos/line_crossing/test/line_crossing_negative_P05_daylight_side_oblique.mp4,experiments/priority_19_08/manual/configs/line_crossing_negative_P05_daylight_side_oblique.yaml,TO_RECORD
line_crossing_negative_P05_low_light_frontal_oblique,line_crossing,negative,P05,low_light,frontal_oblique,test,P05,25,"A person walks parallel to, touches, or turns before the counting line without crossing it.",fixed 2.5-3 m high; 20-35 degree downward angle; full body/ROI visible; 1280x720 or higher; 25-30 FPS,experiments/priority_19_08/manual/videos/line_crossing/test/line_crossing_negative_P05_low_light_frontal_oblique.mp4,experiments/priority_19_08/manual/configs/line_crossing_negative_P05_low_light_frontal_oblique.yaml,TO_RECORD
line_crossing_negative_P05_low_light_side_oblique,line_crossing,negative,P05,low_light,side_oblique,test,P05,25,"A person walks parallel to, touches, or turns before the counting line without crossing it.",fixed 2.5-3 m high; 20-35 degree downward angle; full body/ROI visible; 1280x720 or higher; 25-30 FPS,experiments/priority_19_08/manual/videos/line_crossing/test/line_crossing_negative_P05_low_light_side_oblique.mp4,experiments/priority_19_08/manual/configs/line_crossing_negative_P05_low_light_side_oblique.yaml,TO_RECORD
